date,symbol,price,change_pct,w52_high,w52_low,w52_pct,rsi14,sma50,sma200,ma_signal,tactical_score,positional_score,strategic_score,composite_score,tactical_signal,positional_signal,strategic_signal,recommendation,role,z_tactical,z_positional,z_strategic,z_composite,key_metric_name,key_metric_value,data_source,vix,us10y,hy_oas
2026-03-07,MOS,26.31,0.11,38.23,22.36,24.9,40.43,27.29,30.74,below_both_death,-15,-20,-10,-15,BUY,BUY,BUY,,POSITIONAL_BUY,-0.470,-1.201,-1.326,-1.402,Price-to-Book Ratio,0.63,full,23.75,4.13,3
2026-03-07,ASML,1292.8,-5.52,1312.8,508.4,97.5,37.82,1340.04,995.46,above_200_below_50,5,15,20,15,NEUTRAL,NEUTRAL,NEUTRAL,HOLD,TRIM,0.790,1.518,1.630,1.951,52-Week Position,97.5%,full,23.75,4.13,3
2026-03-07,SMH,380.56,-3.74,427.94,170.11,81.6,38.59,395.67,330.91,above_200_below_50,-18,5,8,-2,BUY,NEUTRAL,NEUTRAL,HOLD,HOLD,-0.659,0.742,0.448,0.051,RSI(14),38.59,full,23.75,4.13,3
2026-03-07,ENB,54.06,0.33,,,,68.05,49.49,47.69,above_both_golden,18,5,10,9,NEUTRAL,NEUTRAL,NEUTRAL,HOLD,HOLD,1.610,0.742,0.645,1.280,RSI vs Dividend Yield Spread,68.05 RSI with 6.74% yield,partial,23.75,4.13,3
2026-03-07,ETHA,14.93,-5.51,36.8,10.99,15.3,41.87,19.3,24.73,below_both_death,-15,-20,-10,-15,BUY,BUY,NEUTRAL,BUY,STRATEGIC_BUY,-0.470,-1.201,-1.326,-1.402,52-Week Position,15.3%,full,23.75,4.13,3
2026-03-07,GLD,473.51,1.58,509.7,265.64,85.2,54.6,446.23,366.65,above_both_golden,0,10,-5,2,NEUTRAL,NEUTRAL,NEUTRAL,HOLD,HOLD,0.475,1.130,-0.833,0.498,52-Week Position,85.2%,full,23.75,4.13,3
2026-03-07,IBIT,38.6,-4.43,71.82,35.3,9,43.56,45.27,57.3,below_both_death,-15,-20,10,-9,BUY,BUY,NEUTRAL,HOLD,HOLD,-0.470,-1.201,0.645,-0.732,52-Week Position,9%,full,23.75,4.13,3
2026-03-07,KOF,104.24,-1.21,,,,42.24,104.53,92.53,above_200_below_50,-10,-5,5,-2,NEUTRAL,NEUTRAL,NEUTRAL,HOLD,HOLD,-0.155,-0.035,0.152,0.051,Dividend Yield vs 10Y Treasury Spread,-38 basis points,partial,23.75,4.13,3
2026-03-07,AMKBY,13.09,-1.28,,,,62.26,12.1,10.57,above_both_golden,20,5,-10,3,NEUTRAL,NEUTRAL,NEUTRAL,HOLD,HOLD,1.736,0.742,-1.326,0.610,Price-to-Book Ratio,0.60,partial,23.75,4.13,3
2026-03-07,SPY,672.38,-1.31,697.84,481.8,88.2,38.41,688.1,656.93,above_200_below_50,-18,-5,5,-5,BUY,NEUTRAL,NEUTRAL,,HOLD,-0.659,-0.035,0.152,-0.284,RSI_14,38.41,full,23.75,4.13,3
2026-03-07,PBR.A,16.12,4.2,,,,,,,unknown,-35,-20,15,-8,BUY,BUY,SELL,HOLD,TACTICAL_BUY,-1.730,-1.201,1.138,-0.620,52-Week Position,4th percentile - extreme oversold,insufficient,23.75,4.13,3
2026-03-07,MOS,26.32,0.15,38.23,22.36,25,40.43,27.29,30.74,below_both_death,-15,-10,-5,-9,BUY,NEUTRAL,NEUTRAL,HOLD,HOLD,-0.468,-0.888,-0.852,-0.833,Price-to-Book Ratio,0.63,full,23.75,4.13,3
2026-03-07,ASML,1292.81,-5.52,1312.8,508.4,97.5,37.82,1340.04,995.46,above_200_below_50,15,25,20,21,NEUTRAL,SELL,NEUTRAL,SELL,TRIM,1.211,1.682,1.752,1.973,52-Week Position,97.5%,full,23.75,4.13,3
2026-03-07,SMH,380.57,-3.74,427.94,170.11,81.6,38.6,395.67,330.91,above_200_below_50,-18,5,10,-1,BUY,NEUTRAL,NEUTRAL,HOLD,HOLD,-0.636,0.214,0.710,-0.085,RSI Oversold Level,38.6,full,23.75,4.13,3
2026-03-07,ENB,54.07,0.35,0,0,,68.05,49.49,47.69,above_both_golden,20,10,5,9,NEUTRAL,NEUTRAL,NEUTRAL,HOLD,HOLD,1.491,0.581,0.189,0.850,RSI Overbought Warning,68.05,partial,23.75,4.13,3
2026-03-07,ETHA,14.94,-5.44,36.8,10.99,15.3,41.8,19.3,24.73,below_both_death,-15,-20,-10,-15,BUY,BUY,BUY,BUY,POSITIONAL_BUY,-0.468,-1.622,-1.373,-1.395,52-Week Position,15.3%,full,23.75,4.13,3
2026-03-07,GLD,473.52,1.59,509.7,265.64,85.2,54.6,446.23,366.65,above_both_golden,5,10,15,11,NEUTRAL,NEUTRAL,NEUTRAL,HOLD,HOLD,0.651,0.581,1.231,1.038,52-Week Position,85.2%,full,23.75,4.13,3
2026-03-07,IBIT,38.61,-4.41,71.82,35.3,9.1,43.56,45.27,57.3,below_both_death,-15,-20,-10,-15,BUY,BUY,NEUTRAL,BUY,STRATEGIC_BUY,-0.468,-1.622,-1.373,-1.395,52-Week Position,9.1%,full,23.75,4.13,3
2026-03-07,KOF,104.25,-1.2,0,0,,42.24,104.53,92.53,above_200_below_50,-10,-5,0,-3,NEUTRAL,NEUTRAL,NEUTRAL,HOLD,HOLD,-0.188,-0.521,-0.331,-0.272,RSI(14),42.24,partial,23.75,4.13,3
2026-03-07,AMKBY,13.24,1.15,0,0,,62.6,12.1,10.57,above_both_golden,18,8,-5,6,NEUTRAL,NEUTRAL,NEUTRAL,HOLD,HOLD,1.379,0.434,-0.852,0.570,Price-to-Book Ratio,0.60,partial,23.75,4.13,3
2026-03-07,SPY,672.39,-1.31,697.84,481.8,88.2,38.41,688.1,656.93,above_200_below_50,-18,15,5,1,BUY,SELL,NEUTRAL,HOLD,HOLD,-0.636,0.948,0.189,0.102,52-Week Position,88.2%,full,23.75,4.13,3
2026-03-07,PBR.A,16.13,4.27,15.94,10.28,,,,,unknown,-40,5,10,-6,BUY,NEUTRAL,NEUTRAL,HOLD,TACTICAL_BUY,-1.867,0.214,0.710,-0.553,RSI(14),28.16,insufficient,23.75,4.13,3
2026-03-07,MOS,26.32,0.15,38.23,22.36,25,40.43,27.29,30.74,below_both_death,-5,-10,-15,-11,NEUTRAL,NEUTRAL,NEUTRAL,HOLD,STRATEGIC_BUY,0.087,-0.584,-0.834,-0.500,52-Week Position,25%,full,23.75,4.13,3
2026-03-07,ASML,1292.81,-5.52,1312.8,508.4,97.5,37.82,1340.04,995.46,above_200_below_50,15,35,25,28,NEUTRAL,SELL,SELL,SELL,TRIM,1.286,2.143,2.872,2.437,52-Week Position,97.5%,full,23.75,4.13,3
2026-03-07,SMH,380.57,-3.74,427.94,170.11,81.6,38.6,395.67,330.91,above_200_below_50,-18,8,-5,-6,BUY,NEUTRAL,NEUTRAL,,HOLD,-0.692,0.507,0.093,-0.123,RSI Oversold Signal,38.6,full,23.75,4.13,3
2026-03-07,ENB,54.07,0.35,0,0,,68.05,49.49,47.69,above_both_golden,20,15,-5,8,NEUTRAL,NEUTRAL,NEUTRAL,HOLD,HOLD,1.585,0.931,0.093,0.931,RSI,68.05,partial,23.75,4.13,3
2026-03-07,ETHA,14.94,-5.44,36.8,10.99,15.3,41.8,19.3,24.73,below_both_death,-15,-20,-10,-15,BUY,BUY,BUY,BUY,HOLD,-0.512,-1.190,-0.371,-0.801,52-Week Position,15.3%,full,23.75,4.13,3
2026-03-07,GLD,473.52,1.59,509.7,265.64,85.2,54.6,446.23,366.65,above_both_golden,-5,5,-10,-4,NEUTRAL,NEUTRAL,NEUTRAL,HOLD,HOLD,0.087,0.325,-0.371,0.027,TIPS Real Yield,1.82%,full,23.75,4.13,3
2026-03-07,IBIT,38.61,-4.41,71.82,35.3,9.1,43.56,45.27,57.3,below_both_death,-18,-22,-15,-18,BUY,BUY,BUY,BUY,POSITIONAL_BUY,-0.692,-1.311,-0.834,-1.027,52-Week Position,9.1%,full,23.75,4.13,3
2026-03-07,KOF,104.25,-1.2,0,0,,42.24,104.53,92.53,above_200_below_50,-10,-5,0,-4,NEUTRAL,NEUTRAL,NEUTRAL,HOLD,HOLD,-0.212,-0.281,0.556,0.027,RSI Oversold Signal,42.24,partial,23.75,4.13,3
2026-03-07,AMKBY,13.24,1.15,0,0,,62.6,12.1,10.57,above_both_golden,18,5,-8,4,NEUTRAL,NEUTRAL,NEUTRAL,HOLD,HOLD,1.466,0.325,-0.185,0.630,Price-to-Book Ratio,0.6008,partial,23.75,4.13,3
2026-03-07,SPY,672.39,-1.31,697.84,481.8,88.2,38.41,688.1,656.93,above_200_below_50,-18,5,-8,-8,BUY,NEUTRAL,NEUTRAL,NEUTRAL,HOLD,-0.692,0.325,-0.185,-0.274,RSI Oversold vs 52W Position,38.41 RSI with 88.2% 52W position,full,23.75,4.13,3
2026-03-07,PBR.A,16.13,4.27,14.92,10.28,,,,,unknown,-35,-20,-15,-22,BUY,NEUTRAL,NEUTRAL,,TACTICAL_BUY,-1.711,-1.190,-0.834,-1.328,RSI_14,28.17,insufficient,23.75,4.13,3
2026-03-07,MOS,26.32,0.15,38.23,22.36,25,40.43,27.29,30.74,below_both_death,-15,-5,-10,-9,BUY,NEUTRAL,NEUTRAL,,HOLD,-0.833,-0.538,-0.796,-0.797,Price-to-Book Ratio,0.63,full,23.75,4.13,3
2026-03-07,ASML,1292.81,-5.52,1312.8,508.4,97.5,37.82,1340.04,995.46,above_200_below_50,15,20,25,21,NEUTRAL,NEUTRAL,SELL,NEUTRAL,TRIM,0.637,1.436,2.330,1.888,52-Week Position,97.5%,full,23.75,4.13,3
2026-03-07,SMH,380.57,-3.74,427.94,170.11,81.6,38.6,395.67,330.91,above_200_below_50,-18,5,8,-2,BUY,NEUTRAL,NEUTRAL,HOLD,TACTICAL_BUY,-0.980,0.251,0.812,-0.171,RSI Oversold Level,38.6,full,23.75,4.13,3
2026-03-07,ENB,54.07,0.35,0,0,,68.05,49.49,47.69,above_both_golden,20,5,-15,-2,NEUTRAL,NEUTRAL,NEUTRAL,,STRATEGIC_BUY,0.882,0.251,-1.242,-0.171,Dividend Yield,6.74%,partial,23.75,4.13,3
2026-03-07,ETHA,14.94,-5.44,36.8,10.99,15.3,41.8,19.3,24.73,below_both_death,-15,-20,-10,-15,BUY,BUY,BUY,BUY,POSITIONAL_BUY,-0.833,-1.723,-0.796,-1.335,52-Week Position,15.3%,full,23.75,4.13,3
2026-03-07,GLD,473.52,1.59,509.7,265.64,85.2,54.6,446.23,366.65,above_both_golden,15,5,-5,3,SELL,NEUTRAL,NEUTRAL,HOLD,HOLD,0.637,0.251,-0.349,0.277,52-Week Position,85.2%,full,23.75,4.13,3
2026-03-07,IBIT,38.61,-4.41,71.82,35.3,9.1,43.56,45.27,57.3,below_both_death,-15,-20,-10,-16,BUY,BUY,NEUTRAL,BUY,HOLD,-0.833,-1.723,-0.796,-1.424,52-Week Position,9.1%,full,23.75,4.13,3
2026-03-07,KOF,104.25,-1.2,0,0,,42.24,104.53,92.53,above_200_below_50,-10,-5,0,-4,NEUTRAL,NEUTRAL,NEUTRAL,HOLD,HOLD,-0.588,-0.538,0.097,-0.350,RSI_14,42.24,partial,23.75,4.13,3
2026-03-07,PBR.A,16.13,4.27,0,0,,73.84,14.3,12.84,above_both_golden,45,15,5,18,SELL,NEUTRAL,NEUTRAL,HOLD,HOLD,2.108,1.041,0.544,1.619,RSI(14),73.84,partial,23.75,4.13,3
2026-03-07,AMKBY,13.24,1.15,0,0,,62.6,12.1,10.57,above_both_golden,18,5,-8,3,NEUTRAL,NEUTRAL,NEUTRAL,HOLD,HOLD,0.784,0.251,-0.617,0.277,Price-to-Book Ratio,0.6008,partial,23.75,4.13,3
2026-03-07,SPY,672.39,-1.31,697.84,481.8,88.2,38.41,688.1,656.93,above_200_below_50,-18,15,8,2,BUY,SELL,NEUTRAL,HOLD,HOLD,-0.980,1.041,0.812,0.187,52-Week Position,88.2%,full,23.75,4.13,3
2026-03-08,MOS,26.31,0.11,38.23,22.36,24.9,40.43,27.29,30.74,below_both_death,-5,-22,-22,-18,NEUTRAL,NEUTRAL,NEUTRAL,HOLD,HOLD,-0.157,-1.151,-0.965,-1.335,Price-to-Book Ratio,0.6327,full,23.75,4.13,3
2026-03-08,ASML,1292.8,-5.52,1312.8,508.4,97.5,37.82,1340.04,995.46,above_200_below_50,-20,28,14,12,NEUTRAL,SELL,NEUTRAL,HOLD,TRIM,-1.156,1.614,2.641,2.134,52-Week Position,97.5% - extreme high territory despite structural growth drivers,full,23.75,4.13,3
2026-03-08,SMH,380.56,-3.74,427.94,170.11,81.6,38.6,395.67,330.91,above_200_below_50,-21,11,-7,-5,NEUTRAL,NEUTRAL,NEUTRAL,HOLD,TACTICAL_BUY,-1.222,0.674,0.537,0.168,52-week position,81.6% - indicating underlying strength despite recent pullback,full,23.75,4.13,3
2026-03-08,ENB,54.06,0.33,,,,68.05,49.49,47.69,above_both_golden,5,3,-15,-6,NEUTRAL,NEUTRAL,NEUTRAL,HOLD,HOLD,0.508,0.231,-0.264,0.053,Dividend Yield vs 10Y Treasury Spread,257 basis points (6.74% vs 4.13%),partial,23.75,4.13,3
2026-03-08,ETHA,14.93,-5.51,36.8,10.99,15.3,41.8,19.3,24.73,below_both_death,-17,-31,-15,-21,NEUTRAL,BUY,NEUTRAL,HOLD,POSITIONAL_BUY,-0.956,-1.649,-0.264,-1.682,52-Week Range Position,15.3%,full,23.75,4.13,3
2026-03-08,GLD,473.51,1.58,509.7,265.64,85.2,54.6,446.23,366.65,above_both_golden,-7,9,-12,-4,NEUTRAL,NEUTRAL,NEUTRAL,HOLD,HOLD,-0.290,0.563,0.036,0.284,Real Yield (10Y-TIPS),2.31%,full,23.75,4.13,3
2026-03-08,IBIT,38.6,-4.43,71.82,35.3,9,43.56,45.27,57.3,below_both_death,6,-30,-15,-14,NEUTRAL,BUY,NEUTRAL,HOLD,HOLD,0.575,-1.594,-0.264,-0.872,52-Week Position,9% - Near historical lows suggesting limited downside,full,23.75,4.13,3
2026-03-08,KOF,104.24,-1.21,,,,42.24,104.53,92.53,above_200_below_50,-5,-5,-12,-9,NEUTRAL,NEUTRAL,NEUTRAL,HOLD,HOLD,-0.157,-0.211,0.036,-0.294,Price relative to 200-day MA,12.7% premium signals sustained uptrend integrity,partial,23.75,4.13,3
2026-03-08,PBR.A,16.12,4.2,,,,73.84,14.3,12.84,above_both_golden,34,5,-26,-3,SELL,NEUTRAL,BUY,HOLD,STRATEGIC_BUY,2.439,0.342,-1.366,0.399,P/E Ratio,7.0226,partial,23.75,4.13,3
2026-03-08,AMKBY,13.24,1.15,,,,62.6,12.1,10.57,above_both_golden,8,5,-19,-3,NEUTRAL,NEUTRAL,NEUTRAL,HOLD,HOLD,0.708,0.342,-0.665,0.399,Price-to-Book Ratio,0.6026 - trading at 40% discount to book value despite strong operational environment,partial,23.75,4.13,3
2026-03-08,SPY,672.38,-1.31,697.84,481.8,88.2,38.41,688.1,656.93,above_200_below_50,-7,14,-7,0,NEUTRAL,NEUTRAL,NEUTRAL,HOLD,HOLD,-0.290,0.840,0.537,0.746,VIX Level,23.75,full,23.75,4.13,3
2026-03-09,MOS,26.77,1.75,38.23,22.36,27.8,43.65,27.34,30.69,below_both_death,-5,-22,-24,-19,NEUTRAL,NEUTRAL,NEUTRAL,HOLD,HOLD,-0.218,-1.114,-1.033,-1.414,P/B Ratio,0.6327 - trading significantly below tangible book value indicates market pessimism may be overdone,full,29.49,4.13,3.13
2026-03-09,ASML,1298.01,0.4,1312.8,508.4,98.2,38.61,1344.77,998.21,above_200_below_50,-15,30,15,14,NEUTRAL,SELL,NEUTRAL,HOLD,TRIM,-0.902,1.290,2.660,1.986,Q4 2024 Bookings,€7.09B vs €4.6B expected,full,29.49,4.13,3.13
2026-03-09,SMH,379.99,-0.15,427.94,170.11,81.4,38.59,396.02,331.59,above_200_below_50,-7,14,-9,0,NEUTRAL,NEUTRAL,NEUTRAL,HOLD,HOLD,-0.354,0.550,0.387,0.543,52-week position,81.4% - elevated valuation zone amid sector headwinds,full,29.49,4.13,3.13
2026-03-09,ENB,54.08,0.04,,,,68.2,49.62,47.74,above_both_golden,10,5,-16,-5,NEUTRAL,NEUTRAL,NEUTRAL,HOLD,HOLD,0.808,0.134,-0.275,0.028,Dividend Yield vs 10Y Treasury Spread,207 basis points premium (6.07% yield vs 4.13% 10Y),partial,29.49,4.13,3.13
2026-03-09,ETHA,15.32,2.61,36.8,10.99,16.8,43.98,19.16,24.71,below_both_death,-5,-41,-14,-21,NEUTRAL,BUY,NEUTRAL,HOLD,POSITIONAL_BUY,-0.218,-1.992,-0.086,-1.620,52-week position,16.8%,full,29.49,4.13,3.13
2026-03-09,GLD,468.03,-1.16,509.7,265.64,82.9,52.32,447.33,367.47,above_both_golden,-7,31,-14,3,NEUTRAL,SELL,NEUTRAL,HOLD,HOLD,-0.354,1.336,-0.086,0.852,Real Yield (TIPS),1.82%,full,29.49,4.13,3.13
2026-03-09,IBIT,39.35,1.94,71.82,35.3,11.1,45.83,45.07,57.19,below_both_death,-7,-26,-14,-16,NEUTRAL,BUY,NEUTRAL,HOLD,HOLD,-0.354,-1.298,-0.086,-1.105,52-Week Position,11.1% - indicating significant value compression from peak levels,full,29.49,4.13,3.13
2026-03-09,KOF,102.02,-2.13,,,,38.27,104.65,92.57,above_200_below_50,-12,8,-11,-5,NEUTRAL,NEUTRAL,NEUTRAL,HOLD,HOLD,-0.696,0.273,0.198,0.028,Dividend Yield vs Regional Rates,3.76% yield attractive relative to Mexican 10-year at 9.5% considering currency hedge and growth profile,partial,29.49,4.13,3.13
2026-03-09,PBR.A,16.88,4.71,,,,77.82,14.43,12.87,above_both_golden,37,8,-28,-2,SELL,NEUTRAL,BUY,HOLD,STRATEGIC_BUY,2.655,0.273,-1.412,0.337,P/E Ratio,7.29x - exceptionally low for a major integrated oil company with strong cash flows,partial,29.49,4.13,3.13
2026-03-09,AMKBY,13.24,1.15,,,,62.26,12.1,10.57,above_both_golden,8,5,-20,-3,NEUTRAL,NEUTRAL,NEUTRAL,HOLD,HOLD,0.671,0.134,-0.654,0.234,P/B Ratio,0.6026,partial,29.49,4.13,3.13
2026-03-09,SPY,666.01,-0.95,697.84,481.8,85.3,34.7,687.62,657.35,above_200_below_50,-17,11,-9,-4,NEUTRAL,NEUTRAL,NEUTRAL,HOLD,TACTICAL_BUY,-1.038,0.412,0.387,0.131,VIX Level,29.49,full,29.49,4.13,3.13
2026-03-10,ASML,1386.32,2.13,1312.8,508.4,109.1,49.36,1352.39,1001.75,above_both_golden,-5,53,30,31,NEUTRAL,SELL,SELL,TRIM,TRIM,-0.396,1.933,2.806,2.574,52-Week Position,109.1%,full,25.5,4.15,3.19
2026-03-10,SMH,398.91,1.15,427.94,170.11,88.7,49.15,396.99,332.45,above_both_golden,-5,21,-11,2,NEUTRAL,NEUTRAL,NEUTRAL,HOLD,HOLD,-0.396,0.642,0.037,0.384,,,full,25.5,4.15,3.19
2026-03-10,ENB,54,0.11,,,,66.75,49.75,47.78,above_both_golden,5,-2,-21,-10,NEUTRAL,NEUTRAL,NEUTRAL,HOLD,HOLD,0.382,-0.286,-0.639,-0.522,Dividend Yield vs TIPS Spread,353 basis points (5.29% yield vs 1.8% TIPS),partial,25.5,4.15,3.19
2026-03-10,ETHA,15.34,-0.2,36.8,10.99,16.9,44.19,19.02,24.69,below_both_death,-5,-41,-9,-19,NEUTRAL,BUY,NEUTRAL,HOLD,POSITIONAL_BUY,-0.396,-1.860,0.172,-1.201,52-week range position,16.9% - near multi-year lows suggesting potential value opportunity,full,25.5,4.15,3.19
2026-03-10,GLD,478.42,1.25,509.7,265.64,87.2,56.72,448.74,368.36,above_both_golden,-7,24,-14,1,NEUTRAL,NEUTRAL,NEUTRAL,HOLD,HOLD,-0.552,0.763,-0.166,0.309,Real Yield (TIPS),1.8%,full,25.5,4.15,3.19
2026-03-10,IBIT,39.66,1.35,71.82,35.3,11.9,46.98,44.87,57.08,below_both_death,-7,-28,-11,-16,NEUTRAL,BUY,NEUTRAL,HOLD,HOLD,-0.552,-1.335,0.037,-0.975,52-Week Position,11.9% - near lows but reflects healthy base-building in nascent ETF market,full,25.5,4.15,3.19
2026-03-10,KOF,104.4,1.31,,,,43.58,104.84,92.62,above_200_below_50,-2,3,-11,-5,NEUTRAL,NEUTRAL,NEUTRAL,HOLD,HOLD,-0.163,-0.084,0.037,-0.144,Dividend Yield,3.76%,partial,25.5,4.15,3.19
2026-03-10,PBR.A,16.54,-0.9,,,,75.07,14.55,12.9,above_both_golden,38,5,-28,-3,SELL,NEUTRAL,BUY,HOLD,STRATEGIC_BUY,2.950,-0.004,-1.111,0.007,P/E Ratio,7.4595,partial,25.5,4.15,3.19
2026-03-10,AMKBY,12.84,-3.02,,,,55.56,12.13,10.58,above_both_golden,-11,13,-20,-5,NEUTRAL,NEUTRAL,NEUTRAL,HOLD,TACTICAL_BUY,-0.863,0.319,-0.571,-0.144,Price-to-Book Ratio,0.5996,partial,25.5,4.15,3.19
2026-03-10,SPY,679.07,0.12,697.84,481.8,91.3,45.26,687.64,657.89,above_200_below_50,5,20,-6,6,NEUTRAL,NEUTRAL,NEUTRAL,HOLD,HOLD,0.382,0.602,0.375,0.687,52-Week Position,91.3%,full,25.5,4.15,3.19
2026-03-10,MOS,,0,,,,43.39,27.4,30.65,unknown,-5,-12,-26,-16,NEUTRAL,NEUTRAL,BUY,HOLD,HOLD,-0.396,-0.690,-0.976,-0.975,Working Capital Impact on FCF,-$960M reduction in 2025,insufficient,25.5,4.15,3.19
2026-03-11,MOS,28.17,6.38,38.23,22.36,36.6,53.17,27.47,30.62,above_50_below_200,-2,-10,-20,-12,NEUTRAL,NEUTRAL,NEUTRAL,HOLD,HOLD,-0.048,-0.644,-1.024,-0.854,Price-to-Book Ratio,0.6327x,full,24.93,4.12,3.06
2026-03-11,ASML,1389.09,0.41,1312.8,508.4,109.5,49.5,1358.62,1004.97,above_both_golden,-5,38,4,14,NEUTRAL,SELL,NEUTRAL,HOLD,TRIM,-0.272,1.668,1.734,1.891,52-Week Range Position,109.5%,full,24.93,4.12,3.06
2026-03-11,SMH,402.15,1.21,427.94,170.11,90,50.73,397.68,333.24,above_both_golden,-7,30,-10,5,NEUTRAL,SELL,NEUTRAL,HOLD,HOLD,-0.421,1.283,0.125,0.941,52-week position,90%,full,24.93,4.12,3.06
2026-03-11,ENB,53.8,0.19,,,,65,49.87,47.82,above_both_golden,5,-2,-10,-5,NEUTRAL,NEUTRAL,NEUTRAL,HOLD,HOLD,0.476,-0.258,0.125,-0.115,Dividend Yield,6.04%,partial,24.93,4.12,3.06
2026-03-11,ETHA,15.61,1.36,36.8,10.99,17.9,46.12,18.89,24.67,below_both_death,-7,-31,-15,-19,NEUTRAL,BUY,NEUTRAL,HOLD,POSITIONAL_BUY,-0.421,-1.655,-0.449,-1.593,52-week position,17.9%,full,24.93,4.12,3.06
2026-03-11,GLD,476.85,-0.21,509.7,265.64,86.5,55.54,449.92,369.22,above_both_golden,-7,4,-12,-5,NEUTRAL,NEUTRAL,NEUTRAL,HOLD,HOLD,-0.421,0.031,-0.104,-0.115,Real Yield (10Y Treasury minus TIPS),2.34%,full,24.93,4.12,3.06
2026-03-11,IBIT,40.22,1.28,71.82,35.3,13.5,48.36,44.68,56.97,below_both_death,-7,-28,-10,-15,NEUTRAL,BUY,NEUTRAL,HOLD,HOLD,-0.421,-1.510,0.125,-1.171,52-Week Position,13.5%,full,24.93,4.12,3.06
2026-03-11,KOF,102.7,-0.23,,,,39.72,,,unknown,-12,-5,-12,-10,NEUTRAL,NEUTRAL,NEUTRAL,HOLD,TACTICAL_BUY,-0.795,-0.403,-0.104,-0.643,Dividend Yield,3.75801%,partial,24.93,4.12,3.06
2026-03-11,PBR.A,17.29,4.53,,,,78.72,14.7,12.94,above_both_golden,39,8,-26,-1,SELL,NEUTRAL,BUY,HOLD,STRATEGIC_BUY,3.017,0.223,-1.713,0.307,P/E Ratio,7.44x earnings represents exceptional value for a dominant energy producer with strong cash generation,partial,24.93,4.12,3.06
2026-03-11,AMKBY,12.66,-1.4,,,,52.69,12.15,10.6,above_both_golden,-5,13,-16,-2,NEUTRAL,NEUTRAL,NEUTRAL,HOLD,HOLD,-0.272,0.464,-0.564,0.202,Price-to-Book Ratio,0.6038,partial,24.93,4.12,3.06
2026-03-11,SPY,676.85,-0.05,697.84,481.8,90.3,43.1,687.32,658.36,above_200_below_50,-7,20,5,7,NEUTRAL,NEUTRAL,NEUTRAL,HOLD,HOLD,-0.421,0.801,1.849,1.152,TIPS Real Yield,1.78%,full,24.93,4.12,3.06
2026-03-12,MOS,31.38,7.65,38.23,22.36,56.8,66.12,27.64,30.6,above_both,8,3,-20,-5,NEUTRAL,NEUTRAL,NEUTRAL,HOLD,HOLD,0.558,-0.022,-0.822,-0.157,Price-to-Book Ratio,0.6327,full,24.23,4.15,3.09
2026-03-12,ASML,1346.12,-2.92,1312.8,508.4,104.1,44.98,1364.2,1008.03,above_200_below_50,-5,28,19,17,NEUTRAL,SELL,NEUTRAL,HOLD,TRIM,-0.309,1.465,2.703,2.381,52-Week Position,104.1%,full,24.23,4.15,3.09
2026-03-12,SMH,388.54,-3.11,427.94,170.11,84.7,43.87,398.14,333.99,above_200_below_50,-11,14,-10,-2,NEUTRAL,NEUTRAL,NEUTRAL,HOLD,HOLD,-0.710,0.633,0.082,0.189,52-week range position,84.7%,full,24.23,4.15,3.09
2026-03-12,ENB,54.31,1.25,,,,67.46,50,47.86,above_both_golden,13,5,-10,-1,NEUTRAL,NEUTRAL,NEUTRAL,HOLD,HOLD,0.892,0.097,0.082,0.304,Dividend Yield,6.6011705%,partial,24.23,4.15,3.09
2026-03-12,ETHA,15.51,-1.15,36.8,10.99,17.5,45,18.76,24.65,below_both_death,-5,-31,-17,-19,NEUTRAL,BUY,NEUTRAL,HOLD,POSITIONAL_BUY,-0.309,-2.044,-0.550,-1.772,52-Week Range Position,17.5%,full,24.23,4.15,3.09
2026-03-12,GLD,473.05,-0.67,509.7,265.64,85,53.49,451.39,370.03,above_both_golden,-7,4,-12,-5,NEUTRAL,NEUTRAL,NEUTRAL,HOLD,HOLD,-0.443,0.038,-0.099,-0.157,TIPS Real Yield,1.82%,full,24.23,4.15,3.09
2026-03-12,IBIT,39.56,-1.27,71.82,35.3,11.7,46.27,44.48,56.85,below_both_death,-5,-28,-10,-15,NEUTRAL,BUY,NEUTRAL,HOLD,HOLD,-0.309,-1.865,0.082,-1.311,52-week position,11.7%,full,24.23,4.15,3.09
2026-03-12,KOF,99.64,-2.84,,,,34.15,105.01,92.69,above_200_below_50,-15,10,-10,-5,NEUTRAL,NEUTRAL,NEUTRAL,HOLD,TACTICAL_BUY,-0.977,0.395,0.082,-0.157,RSI 34.15,Oversold condition in dominant LatAm beverage leader suggests tactical opportunity,partial,24.23,4.15,3.09
2026-03-12,PBR.A,17.32,-0.46,,,,77.17,14.84,12.97,above_both_golden,40,8,-26,-1,SELL,NEUTRAL,BUY,HOLD,STRATEGIC_BUY,2.693,0.276,-1.364,0.304,P/E Ratio,7.78,partial,24.23,4.15,3.09
2026-03-12,AMKBY,12.7,0.32,,,,53.27,12.18,10.62,above_both_golden,-5,10,-19,-4,NEUTRAL,NEUTRAL,NEUTRAL,HOLD,HOLD,-0.309,0.395,-0.731,-0.042,P/B Ratio,0.6019,partial,24.23,4.15,3.09
2026-03-12,SPY,668.18,-1.21,697.84,481.8,86.3,36.75,686.91,658.75,above_200_below_50,-12,14,-5,0,NEUTRAL,NEUTRAL,NEUTRAL,HOLD,HOLD,-0.776,0.633,0.534,0.419,VIX,24.23,full,24.23,4.15,3.09
2026-03-13,MOS,29.86,-4.78,38.23,22.36,47.3,57.93,27.75,30.57,above_50_below_200,-11,-7,-20,-13,NEUTRAL,NEUTRAL,NEUTRAL,HOLD,HOLD,-0.622,-0.735,-0.879,-1.237,Price-to-Book Ratio,0.6327,full,27.29,4.21,3.09
2026-03-13,ASML,1369.69,1.34,1312.8,508.4,107.1,47.73,1370.25,1011.12,above_200_below_50,-7,30,25,20,NEUTRAL,SELL,SELL,HOLD,TRIM,-0.334,1.417,2.392,2.506,52-Week Range Position,107.1%,full,27.29,4.21,3.09
2026-03-13,SMH,392.71,1.18,427.94,170.11,86.3,46.5,398.73,334.73,above_200_below_50,-7,21,-11,1,NEUTRAL,NEUTRAL,NEUTRAL,HOLD,HOLD,-0.334,0.894,-0.225,0.351,52-week range position,86.3%,full,27.29,4.21,3.09
2026-03-13,ENB,54.07,0.82,,,,66.63,50.1,47.9,above_both_golden,5,5,-11,-3,NEUTRAL,NEUTRAL,NEUTRAL,HOLD,HOLD,0.530,-0.037,-0.225,-0.103,Dividend Yield Premium vs 10Y Treasury,1.76% (5.97% yield vs 4.21% 10Y),partial,27.29,4.21,3.09
2026-03-13,ETHA,16.62,6.33,36.8,10.99,21.8,52.21,18.65,24.64,below_both_death,-2,-30,-9,-15,NEUTRAL,BUY,NEUTRAL,HOLD,POSITIONAL_BUY,0.026,-2.073,-0.079,-1.464,52-Week Position,21.8%,full,27.29,4.21,3.09
2026-03-13,GLD,467.48,0.13,509.7,268.36,82.5,50.77,452.64,370.82,above_both_golden,-5,24,-9,3,NEUTRAL,NEUTRAL,NEUTRAL,HOLD,HOLD,-0.190,1.068,-0.079,0.577,TIPS Real Yield,1.85%,full,27.29,4.21,3.09
2026-03-13,IBIT,41.87,4.81,71.82,35.3,18,53.98,44.33,56.75,below_both_death,-3,-18,6,-5,NEUTRAL,NEUTRAL,NEUTRAL,HOLD,HOLD,-0.046,-1.375,1.011,-0.330,VIX Level,27.29,full,27.29,4.21,3.09
2026-03-13,KOF,98.74,-0.64,,,,32.87,105.08,92.7,above_200_below_50,-17,8,-11,-6,NEUTRAL,NEUTRAL,NEUTRAL,HOLD,TACTICAL_BUY,-1.054,0.137,-0.225,-0.443,Dividend Yield,3.75801%,partial,27.29,4.21,3.09
2026-03-13,PBR.A,17.03,-0.82,,,,76.94,14.99,13.01,above_both_golden,38,5,-28,-3,SELL,NEUTRAL,BUY,HOLD,STRATEGIC_BUY,2.906,-0.037,-1.460,-0.103,P/E Ratio,7.86,partial,27.29,4.21,3.09
2026-03-13,AMKBY,12.47,-1.81,,,,49.52,12.2,10.63,above_both_golden,-5,10,-20,-4,NEUTRAL,NEUTRAL,NEUTRAL,HOLD,HOLD,-0.190,0.254,-0.879,-0.217,P/B Ratio,0.599,partial,27.29,4.21,3.09
2026-03-13,SPY,668.8,0.41,697.84,481.8,86.6,39.65,686.53,659.15,above_200_below_50,-12,14,1,2,NEUTRAL,NEUTRAL,NEUTRAL,HOLD,HOLD,-0.694,0.487,0.647,0.464,VIX vs HY Credit Spreads Divergence,VIX 27.29 vs HY OAS 3.09bps,full,27.29,4.21,3.09
2026-03-16,MOS,28.12,-4.06,38.23,22.36,36.3,50.11,27.82,30.53,above_50_below_200,-11,-7,-21,-14,NEUTRAL,NEUTRAL,NEUTRAL,HOLD,HOLD,-0.625,-0.859,-0.703,-1.149,Price-to-Book Ratio,0.6327,full,27.19,4.27,3.28
2026-03-16,ASML,1384.64,2.89,1312.8,508.4,108.9,49.88,1376.08,1014.2,above_both_golden,-7,35,28,23,NEUTRAL,SELL,SELL,HOLD,TRIM,-0.339,1.955,2.840,2.780,Price at 108.9% of 52-week high,108.9%,full,27.19,4.27,3.28
2026-03-16,SMH,397.75,2.69,427.94,170.11,88.3,49.42,399.38,335.48,above_200_below_50,-7,14,-11,-1,NEUTRAL,NEUTRAL,NEUTRAL,HOLD,HOLD,-0.339,0.548,0.020,0.232,52-Week Position,88.3%,full,27.19,4.27,3.28
2026-03-16,ENB,54.3,0.41,,,,67.39,50.23,47.94,above_both_golden,5,3,-16,-6,NEUTRAL,NEUTRAL,NEUTRAL,HOLD,HOLD,0.521,-0.189,-0.342,-0.299,Dividend Yield vs 10-Year Spread,240bps premium to risk-free rate for regulated utility-like cash flows,partial,27.19,4.27,3.28
2026-03-16,ETHA,17.27,8.68,36.8,10.99,24.3,56.03,18.53,24.62,below_both_death,-2,-15,-9,-9,NEUTRAL,NEUTRAL,NEUTRAL,HOLD,HOLD,0.020,-1.394,0.164,-0.618,52-Week Position,24.3% - significant upside potential if crypto cycle turns,full,27.19,4.27,3.28
2026-03-16,GLD,459,-0.4,509.7,271.55,78.7,46.9,453.77,371.56,above_both_golden,-7,15,-11,-1,NEUTRAL,NEUTRAL,NEUTRAL,HOLD,HOLD,-0.339,0.615,0.020,0.232,TIPS Real Yield,1.89%,full,27.19,4.27,3.28
2026-03-16,IBIT,41.73,3.37,71.82,35.3,17.6,53.63,44.14,56.65,below_both_death,-1,-21,-14,-13,NEUTRAL,NEUTRAL,NEUTRAL,HOLD,POSITIONAL_BUY,0.091,-1.796,-0.197,-1.043,52-Week Position,17.6% - indicating potential oversold condition in high-volatility asset class,full,27.19,4.27,3.28
2026-03-16,KOF,98.07,0.94,,,,33.29,105.11,92.7,above_200_below_50,-22,8,-11,-7,NEUTRAL,NEUTRAL,NEUTRAL,HOLD,TACTICAL_BUY,-1.413,0.146,0.020,-0.405,Price vs SMA 50,$98.07 vs $105.11,partial,27.19,4.27,3.28
2026-03-16,PBR.A,17.35,3.4,,,,74.85,15.12,13.04,above_both_golden,37,5,-30,-4,SELL,NEUTRAL,BUY,HOLD,STRATEGIC_BUY,2.813,-0.055,-1.354,-0.087,P/E Ratio,7.8162,partial,27.19,4.27,3.28
2026-03-16,AMKBY,12.84,2.97,,,,55,12.22,10.65,above_both_golden,-5,13,-20,-3,NEUTRAL,NEUTRAL,NEUTRAL,HOLD,HOLD,-0.195,0.481,-0.631,0.019,P/B Ratio,0.5921,partial,27.19,4.27,3.28
2026-03-16,SPY,669.91,1.15,697.84,481.8,87.1,41.52,686.15,659.51,above_200_below_50,-5,14,-9,0,NEUTRAL,NEUTRAL,NEUTRAL,HOLD,HOLD,-0.195,0.548,0.164,0.338,VIX Level,27.19,full,27.19,4.27,3.28
2026-03-17,MOS,29.09,5.13,38.23,22.36,42.4,53.89,27.89,30.49,above_50_below_200,3,-10,-20,-11,NEUTRAL,NEUTRAL,NEUTRAL,HOLD,HOLD,0.138,-0.807,-0.797,-0.838,Price-to-Book Ratio,0.6327,full,23.51,4.28,3.27
2026-03-17,ASML,1371.78,-0.27,1312.8,508.4,107.3,48.37,1380.06,1017.27,above_200_below_50,-7,30,19,18,NEUTRAL,SELL,NEUTRAL,HOLD,TRIM,-0.496,1.924,2.803,2.590,52-Week Position,107.3%,full,23.51,4.28,3.27
2026-03-17,SMH,393.95,0.01,427.94,170.11,86.8,47.56,399.71,336.21,above_200_below_50,-7,4,-10,-4,NEUTRAL,NEUTRAL,NEUTRAL,HOLD,HOLD,-0.496,0.149,0.126,-0.011,52-week range position,86.8%,full,23.51,4.28,3.27
2026-03-17,ENB,54.57,0.06,,,,69.37,50.37,47.98,above_both_golden,15,5,-12,-2,NEUTRAL,NEUTRAL,NEUTRAL,HOLD,HOLD,0.899,0.217,-0.059,0.226,Dividend Yield,5.963589%,partial,23.51,4.28,3.27
2026-03-17,ETHA,17.46,-0.85,36.8,10.99,25.1,56.74,18.42,24.61,below_both_death,-7,-22,-15,-15,NEUTRAL,NEUTRAL,NEUTRAL,HOLD,HOLD,-0.496,-1.626,-0.336,-1.311,52-Week Position,25.1%,full,23.51,4.28,3.27
2026-03-17,GLD,457.42,-0.65,509.7,271.55,78,46.26,454.99,372.33,above_both_golden,-5,3,-10,-4,NEUTRAL,NEUTRAL,NEUTRAL,HOLD,HOLD,-0.369,0.081,0.126,-0.011,Real Yield Spread,~2.36% (10Y-TIPS),full,23.51,4.28,3.27
2026-03-17,IBIT,41.9,-0.1,71.82,35.3,18.1,54.27,43.96,56.56,below_both_death,-7,-23,-12,-14,NEUTRAL,NEUTRAL,NEUTRAL,HOLD,POSITIONAL_BUY,-0.496,-1.695,-0.059,-1.193,52-Week Position,18.1% - lower quartile positioning despite institutional ETF adoption tailwinds,full,23.51,4.28,3.27
2026-03-17,KOF,97.6,-0.12,,,,32.33,105.16,92.7,above_200_below_50,-17,8,-10,-6,NEUTRAL,NEUTRAL,NEUTRAL,HOLD,TACTICAL_BUY,-1.129,0.422,0.126,-0.247,RSI Oversold at Market Structure Support,32.33,partial,23.51,4.28,3.27
2026-03-17,PBR.A,18.02,3.21,,,,78.41,15.28,13.08,above_both_golden,44,8,-26,0,SELL,NEUTRAL,BUY,HOLD,STRATEGIC_BUY,2.737,0.422,-1.351,0.462,P/B Ratio,1.0636,partial,23.51,4.28,3.27
2026-03-17,AMKBY,13.28,3.43,,,,60.5,12.26,10.67,above_both_golden,4,3,-19,-4,NEUTRAL,NEUTRAL,NEUTRAL,HOLD,HOLD,0.202,0.081,-0.705,-0.011,P/B Ratio,0.5952,partial,23.51,4.28,3.27
2026-03-17,SPY,670.69,0.25,697.84,481.8,87.4,42.92,685.89,659.91,above_200_below_50,-7,14,-10,-1,NEUTRAL,NEUTRAL,NEUTRAL,HOLD,HOLD,-0.496,0.832,0.126,0.344,VIX vs Fundamentals Divergence,23.51,full,23.51,4.28,3.27
2026-03-18,MOS,28.63,-0.69,38.23,22.36,39.5,52.11,27.96,30.45,above_50_below_200,3,-7,-20,-10,NEUTRAL,NEUTRAL,NEUTRAL,HOLD,STRATEGIC_BUY,0.326,-0.464,-1.077,-0.573,Price-to-Book Ratio,0.63x - trading at significant discount to tangible book value despite owning irreplaceable phosphate and potash reserves,full,22.37,4.23,3.22
2026-03-18,ASML,1377.29,-0.85,1312.8,508.4,108,48.9,1383.37,1020.56,above_200_below_50,3,40,19,23,NEUTRAL,SELL,NEUTRAL,HOLD,TRIM,0.326,2.143,2.741,2.579,52-Week Position,108%,full,22.37,4.23,3.22
2026-03-18,SMH,399.15,0.57,427.94,170.11,88.8,50.3,400.19,337.02,above_200_below_50,-7,-4,-15,-9,NEUTRAL,NEUTRAL,NEUTRAL,HOLD,HOLD,-0.351,-0.298,-0.587,-0.478,52-Week Range Position,88.8% - Recovery momentum intact but room to new highs,full,22.37,4.23,3.22
2026-03-18,ENB,53.65,-0.74,,,,58.61,50.5,48.02,above_both_golden,-2,13,-10,-1,NEUTRAL,NEUTRAL,NEUTRAL,HOLD,HOLD,-0.012,0.646,-0.098,0.287,Dividend Yield vs 10Y Treasury Spread,243 basis points (6.64% - 4.23%),partial,22.37,4.23,3.22
2026-03-18,ETHA,16.51,-5.87,36.8,10.99,21.4,50.47,18.26,24.59,below_both_death,-17,-30,-12,-20,NEUTRAL,BUY,NEUTRAL,HOLD,TACTICAL_BUY,-1.029,-1.740,-0.294,-1.528,52-Week Position,21.4% - near cycle lows with strong institutional support building,full,22.37,4.23,3.22
2026-03-18,GLD,446.96,-2.68,509.7,272.58,73.5,41.03,455.78,373.05,above_200_below_50,-5,-2,-10,-6,NEUTRAL,NEUTRAL,NEUTRAL,HOLD,HOLD,-0.216,-0.187,-0.098,-0.191,Real Yield (10Y TIPS),1.87%,full,22.37,4.23,3.22
2026-03-18,IBIT,40.49,-4.21,71.82,35.3,14.2,49.12,43.71,56.47,below_both_death,-11,-23,-5,-13,NEUTRAL,NEUTRAL,NEUTRAL,HOLD,POSITIONAL_BUY,-0.622,-1.352,0.392,-0.860,52-Week Range Position,14.2%,full,22.37,4.23,3.22
2026-03-18,KOF,96.84,-0.55,,,,30.91,105.21,92.71,above_200_below_50,-17,8,-10,-6,NEUTRAL,NEUTRAL,NEUTRAL,HOLD,HOLD,-1.029,0.368,-0.098,-0.191,Dividend Yield vs 10Y Treasury Spread,-47bps (3.76% yield vs 4.23% 10Y),partial,22.37,4.23,3.22
2026-03-18,PBR.A,18.03,1.41,,,,78.37,15.44,13.12,above_both_golden,38,8,-18,2,SELL,NEUTRAL,NEUTRAL,HOLD,HOLD,2.698,0.368,-0.881,0.573,P/E Ratio,8.0634,partial,22.37,4.23,3.22
2026-03-18,AMKBY,13.86,4.37,,,,66.24,12.31,10.7,above_both_golden,7,-2,-16,-5,NEUTRAL,NEUTRAL,NEUTRAL,HOLD,HOLD,0.598,-0.187,-0.685,-0.096,Price-to-Book Ratio,0.597,partial,22.37,4.23,3.22
2026-03-18,SPY,667.36,-0.51,697.84,481.8,85.9,39.63,685.46,660.28,above_200_below_50,-12,14,-2,1,NEUTRAL,NEUTRAL,NEUTRAL,HOLD,HOLD,-0.690,0.701,0.685,0.478,VIX,22.37,full,22.37,4.23,3.22
2026-03-19,MOS,26.96,-2.95,38.23,22.36,29,45.85,27.98,30.4,below_both_death,-5,-17,-21,-16,NEUTRAL,NEUTRAL,NEUTRAL,HOLD,HOLD,-0.123,-0.935,-1.106,-1.211,Price-to-Book Ratio,0.6327,full,25.09,4.2,3.2
2026-03-19,ASML,1348.02,-0.53,1312.8,508.4,104.4,45.25,1385.01,1023.45,above_200_below_50,-5,30,10,14,NEUTRAL,SELL,NEUTRAL,HOLD,TRIM,-0.123,1.908,2.011,2.147,52-Week Position,104.4%,full,25.09,4.2,3.2
2026-03-19,SMH,390.86,-0.71,427.94,170.11,85.6,45.8,400.14,337.73,above_200_below_50,-5,16,-9,1,NEUTRAL,NEUTRAL,NEUTRAL,HOLD,HOLD,-0.123,1.061,0.101,0.692,52-week position at 85.6%,Trading near highs despite cyclical downturn concerns,full,25.09,4.2,3.2
2026-03-19,ENB,53.93,1.3,,,,59.18,50.65,48.05,above_both_golden,3,3,-14,-5,NEUTRAL,NEUTRAL,NEUTRAL,HOLD,HOLD,0.250,0.275,-0.402,0.020,Dividend Yield,5.31%,partial,25.09,4.2,3.2
2026-03-19,ETHA,15.88,-3.76,36.8,10.99,18.9,47.03,18.08,24.58,below_both_death,-11,-28,-6,-15,NEUTRAL,BUY,NEUTRAL,HOLD,POSITIONAL_BUY,-0.402,-1.600,0.402,-1.099,52-week position,18.9%,full,25.09,4.2,3.2
2026-03-19,GLD,423.89,-4.69,509.7,272.58,63.8,32.96,455.96,373.6,above_200_below_50,-24,-2,4,-4,NEUTRAL,NEUTRAL,NEUTRAL,HOLD,HOLD,-1.007,-0.027,1.408,0.132,Real Yield Spread,10Y-TIPS at 2.37% showing elevated real rates pressuring non-yielding gold,full,25.09,4.2,3.2
2026-03-19,IBIT,39.18,-2.68,71.82,35.3,10.6,45.15,43.44,56.37,below_both_death,-7,-26,-14,-16,NEUTRAL,BUY,NEUTRAL,HOLD,HOLD,-0.216,-1.479,-0.402,-1.211,52-Week Position,10.6% - indicating potential cycle low formation,full,25.09,4.2,3.2
2026-03-19,KOF,96.13,0.14,,,,29.2,105.21,92.7,above_200_below_50,-30,-5,-11,-12,BUY,NEUTRAL,NEUTRAL,HOLD,TACTICAL_BUY,-1.286,-0.209,-0.101,-0.763,Dividend Yield,3.76% - attractive income in elevated rate environment with sustainable payout from stable cash flows,partial,25.09,4.2,3.2
2026-03-19,PBR.A,18.21,1.62,,,,80.21,15.61,13.16,above_both_golden,50,8,-24,2,SELL,NEUTRAL,NEUTRAL,HOLD,STRATEGIC_BUY,2.436,0.577,-1.408,0.804,P/E Ratio,8.1925,partial,25.09,4.2,3.2
2026-03-19,AMKBY,14.2,2.45,,,,69.2,12.36,10.72,above_both_golden,25,5,-20,1,SELL,NEUTRAL,NEUTRAL,HOLD,HOLD,1.273,0.396,-1.005,0.692,Price-to-Book Ratio,0.5984,partial,25.09,4.2,3.2
2026-03-19,SPY,658.12,-0.5,697.84,481.8,81.6,34.09,684.67,660.56,below_both,-17,-1,-5,-7,NEUTRAL,NEUTRAL,NEUTRAL,HOLD,HOLD,-0.681,0.033,0.503,-0.204,VIX Level,25.09,full,25.09,4.2,3.2
2026-03-20,MOS,24.95,-4.77,38.23,22.36,16.3,39.73,27.96,30.34,below_both_death,-21,-26,-22,-23,NEUTRAL,BUY,NEUTRAL,HOLD,STRATEGIC_BUY,-1.064,-1.181,-0.883,-1.233,Price-to-Book Ratio,0.6327,full,24.06,4.26,3.27
2026-03-20,ASML,1326.43,-2.92,1312.8,508.4,101.7,42.98,1387.35,1026.45,above_200_below_50,5,30,29,25,NEUTRAL,SELL,SELL,TRIM,TRIM,1.094,1.942,2.928,2.619,52-Week Range Position,101.7%,full,24.06,4.26,3.27
2026-03-20,SMH,388.15,-1.71,427.94,170.11,84.6,44.27,400.3,338.45,above_200_below_50,-7,14,-10,-1,NEUTRAL,NEUTRAL,NEUTRAL,HOLD,HOLD,0.098,1.049,0.014,0.532,52-week position,84.6%,full,24.06,4.26,3.27
2026-03-20,ENB,53.77,-0.55,,,,57.85,50.83,48.08,above_both_golden,-2,3,-10,-4,NEUTRAL,NEUTRAL,NEUTRAL,HOLD,HOLD,0.513,0.436,0.014,0.292,Dividend Yield vs 10Y Treasury Spread,100bps premium (5.23% vs 4.26%),partial,24.06,4.26,3.27
2026-03-20,ETHA,16.17,0.06,36.8,10.99,20.1,48.55,17.94,24.56,below_both_death,-7,-22,-12,-14,NEUTRAL,NEUTRAL,NEUTRAL,HOLD,HOLD,0.098,-0.958,-0.136,-0.511,52-week range position,20.1%,full,24.06,4.26,3.27
2026-03-20,GLD,419.72,-1.57,509.7,272.58,62.1,31.73,456.23,374.17,above_200_below_50,-22,-7,-10,-11,NEUTRAL,NEUTRAL,NEUTRAL,HOLD,HOLD,-1.147,-0.122,0.014,-0.270,Real Yield (TIPS),1.86%,full,24.06,4.26,3.27
2026-03-20,IBIT,39.71,-0.28,71.82,35.3,12.1,46.7,43.22,56.27,below_both_death,-10,-36,-17,-22,NEUTRAL,BUY,NEUTRAL,HOLD,POSITIONAL_BUY,-0.151,-1.739,-0.510,-1.153,52-Week Range Position,12.1%,full,24.06,4.26,3.27
2026-03-20,KOF,95.09,-2,,,,30,105.24,92.69,above_200_below_50,-15,-7,-15,-13,NEUTRAL,NEUTRAL,NEUTRAL,HOLD,HOLD,-0.566,-0.122,-0.360,-0.430,Dividend Yield,3.75801%,partial,24.06,4.26,3.27
2026-03-20,PBR.A,17.16,-4.13,,,,66.44,15.75,13.2,above_both_golden,1,3,-21,-8,NEUTRAL,NEUTRAL,NEUTRAL,HOLD,HOLD,0.762,0.436,-0.808,-0.029,Free Cash Flow Yield,15%+ estimated based on current oil prices and operational efficiency improvements,partial,24.06,4.26,3.27
2026-03-20,AMKBY,14.16,-0.28,,,,68.83,12.4,10.75,above_both_golden,15,5,-19,-1,NEUTRAL,NEUTRAL,NEUTRAL,HOLD,HOLD,1.925,0.547,-0.659,0.532,P/B Ratio,0.5949,partial,24.06,4.26,3.27
2026-03-20,SPY,652.51,-1.1,697.84,481.8,79,31.76,683.99,660.86,below_both,-27,-10,-5,-12,BUY,NEUTRAL,NEUTRAL,HOLD,TACTICAL_BUY,-1.562,-0.289,0.387,-0.350,VIX vs Credit Spreads Divergence,VIX 24.06 vs HY OAS 327bps,full,24.06,4.26,3.27
2026-03-23,MOS,23.88,1.23,38.23,22.36,9.6,37.29,27.88,30.26,below_both_death,-12,-45,-24,-28,NEUTRAL,BUY,NEUTRAL,BUY,POSITIONAL_BUY,-0.278,-1.840,-1.143,-1.751,Price-to-Book Ratio,0.6327,full,26.78,4.25,3.24
2026-03-23,ASML,1384.01,5.07,1312.8,508.4,108.9,50.65,1390.98,1029.6,above_200_below_50,3,28,13,16,NEUTRAL,SELL,NEUTRAL,HOLD,TRIM,1.306,1.541,2.328,2.247,52-Week Position,108.9%,full,26.78,4.25,3.24
2026-03-23,SMH,394.89,2.64,427.94,170.11,87.2,48.82,400.55,339.15,above_200_below_50,-7,14,-11,-1,NEUTRAL,NEUTRAL,NEUTRAL,HOLD,HOLD,0.250,0.893,0.077,0.702,52-week range position,87.2%,full,26.78,4.25,3.24
2026-03-23,ENB,53.62,0.3,,,,56.34,50.99,48.12,above_both_golden,-2,13,-11,-1,NEUTRAL,NEUTRAL,NEUTRAL,HOLD,HOLD,0.778,0.846,0.077,0.702,Dividend Yield vs 10Y Treasury Spread,92 basis points (5.29% - 4.25%),partial,26.78,4.25,3.24
2026-03-23,ETHA,16.31,1.3,36.8,10.99,20.6,49.33,17.8,24.54,below_both_death,-7,-30,-11,-17,NEUTRAL,BUY,NEUTRAL,HOLD,HOLD,0.250,-1.145,0.077,-0.752,52-week position,20.6%,full,26.78,4.25,3.24
2026-03-23,GLD,405.92,-1.8,509.7,272.58,56.2,27.85,455.97,374.61,above_200_below_50,-30,-7,-6,-11,BUY,NEUTRAL,NEUTRAL,HOLD,TACTICAL_BUY,-2.179,-0.080,0.546,-0.207,RSI Oversold vs 200-Day MA,RSI 27.85 with price at $405.92 vs 200-day MA at $374.61,full,26.78,4.25,3.24
2026-03-23,IBIT,40.13,0.91,71.82,35.3,13.2,48.02,42.99,56.17,below_both_death,-7,-33,-14,-19,NEUTRAL,BUY,NEUTRAL,HOLD,HOLD,0.250,-1.284,-0.205,-0.933,52-week position,13.2%,full,26.78,4.25,3.24
2026-03-23,KOF,94.8,0.19,,,,30.01,105.21,92.68,above_200_below_50,-17,-5,-11,-10,NEUTRAL,NEUTRAL,NEUTRAL,HOLD,HOLD,-0.806,0.013,0.077,-0.116,USD/MXN Currency Impact,Recent peso weakness creating ADR translation headwinds despite strong local operations,partial,26.78,4.25,3.24
2026-03-23,PBR.A,17.45,2.29,,,,66.42,15.9,13.24,above_both_golden,5,-5,-30,-14,NEUTRAL,NEUTRAL,BUY,HOLD,STRATEGIC_BUY,1.517,0.013,-1.706,-0.479,P/E Ratio,5.6044,partial,26.78,4.25,3.24
2026-03-23,AMKBY,13.245,-6.46,,,,54.25,12.42,10.77,above_both_golden,-17,13,-20,-6,NEUTRAL,NEUTRAL,NEUTRAL,HOLD,HOLD,-0.806,0.846,-0.768,0.248,P/B Ratio,0.6001,partial,26.78,4.25,3.24
2026-03-23,SPY,659.28,1.65,697.84,481.8,82.2,39.44,683.28,661.17,below_both,-12,-1,-5,-5,NEUTRAL,NEUTRAL,NEUTRAL,HOLD,HOLD,-0.278,0.198,0.640,0.339,VIX vs Credit Spreads Divergence,VIX 26.78 vs HY OAS 324bps showing fear exceeding credit risk assessment,full,26.78,4.25,3.24
2026-03-24,MOS,24.08,2.08,38.23,22.36,10.8,38.4,27.88,30.27,below_both_death,-7,-36,-20,-22,NEUTRAL,BUY,NEUTRAL,HOLD,POSITIONAL_BUY,0.234,-1.514,-0.806,-1.250,Price-to-Book Ratio,0.6327,full,26.78,4.39,3.24
2026-03-24,ASML,1369.62,3.98,1312.8,508.4,107.1,49.07,1390.7,1029.53,above_200_below_50,-3,40,29,26,NEUTRAL,SELL,SELL,TRIM,TRIM,0.629,1.944,2.588,2.588,52-Week Position,107.1%,full,26.78,4.39,3.24
2026-03-24,SMH,391.36,1.72,427.94,170.11,85.8,46.87,400.48,339.13,above_200_below_50,-7,19,-5,3,NEUTRAL,NEUTRAL,NEUTRAL,HOLD,HOLD,0.234,0.989,0.233,0.749,52-week range position,85.8%,full,26.78,4.39,3.24
2026-03-24,ENB,54.16,1.31,,,,59.64,51,48.12,above_both_golden,-2,3,-10,-4,NEUTRAL,NEUTRAL,NEUTRAL,HOLD,HOLD,0.728,0.261,-0.113,0.189,Dividend Yield vs 10Y Spread,84 basis points premium (5.22% vs 4.39%),partial,26.78,4.39,3.24
2026-03-24,ETHA,16.28,1.12,36.8,10.99,20.5,49.4,17.8,24.54,below_both_death,-5,-30,-10,-16,NEUTRAL,BUY,NEUTRAL,HOLD,HOLD,0.432,-1.241,-0.113,-0.771,52-Week Range Position,20.5% - indicating substantial recovery potential from bear market lows,full,26.78,4.39,3.24
2026-03-24,GLD,404.04,-2.26,509.7,272.58,55.4,27.45,455.94,374.6,above_200_below_50,-27,5,-10,-8,BUY,NEUTRAL,NEUTRAL,HOLD,HOLD,-1.744,0.352,-0.113,-0.131,Real Yield (10Y Treasury minus TIPS),2.38%,full,26.78,4.39,3.24
2026-03-24,IBIT,40.05,0.7,71.82,35.3,13,47.82,42.99,56.17,below_both_death,-7,-31,-10,-16,NEUTRAL,BUY,NEUTRAL,HOLD,HOLD,0.234,-1.286,-0.113,-0.771,52-Week Position,13% - indicating significant upside potential from oversold levels,full,26.78,4.39,3.24
2026-03-24,KOF,93.55,-1.13,,,,27.97,105.19,92.67,above_200_below_50,-30,-7,-13,-14,BUY,NEUTRAL,NEUTRAL,HOLD,TACTICAL_BUY,-2.041,-0.194,-0.321,-0.611,RSI Oversold vs Defensive Yield,RSI 27.97 with 3.76% dividend yield,partial,26.78,4.39,3.24
2026-03-24,PBR.A,17.53,2.75,,,,66.86,15.9,13.24,above_both_golden,5,-5,-29,-14,NEUTRAL,NEUTRAL,BUY,HOLD,STRATEGIC_BUY,1.421,-0.103,-1.429,-0.611,Dividend Yield,20%+ based on current cash generation and capital return policy,partial,26.78,4.39,3.24
2026-03-24,AMKBY,13.37,0.94,,,,55.56,12.45,10.79,above_both_golden,-5,13,-19,-3,NEUTRAL,NEUTRAL,NEUTRAL,HOLD,HOLD,0.432,0.716,-0.737,0.269,P/B Ratio,0.5959,partial,26.78,4.39,3.24
2026-03-24,SPY,655.38,1.05,697.84,481.8,80.3,36.31,683.21,661.15,below_both,-15,-1,5,-2,NEUTRAL,NEUTRAL,NEUTRAL,HOLD,HOLD,-0.557,0.079,0.926,0.349,VIX Level,26.78,full,26.78,4.39,3.24
2026-03-25,MOS,25.2,4.65,38.23,22.36,17.9,42.92,27.87,30.21,below_both_death,-1,-26,-20,-17,NEUTRAL,BUY,NEUTRAL,HOLD,HOLD,0.650,-1.410,-0.728,-0.971,P/B Ratio,0.6327,full,26.15,4.34,3.19
2026-03-25,ASML,1399.42,2.18,,,,52.54,1393.21,1032.79,above_both_golden,-5,10,29,16,NEUTRAL,NEUTRAL,SELL,HOLD,TRIM,0.279,1.083,2.840,2.483,P/E Ratio,46.7x - Premium valuation assumes perfect execution amid significant cyclical and geopolitical headwinds,partial,26.15,4.34,3.19
2026-03-25,SMH,394.59,0.83,427.94,170.11,87.1,48.88,400.59,339.85,above_200_below_50,-2,14,-8,2,NEUTRAL,NEUTRAL,NEUTRAL,HOLD,HOLD,0.557,1.360,0.146,1.018,,,full,26.15,4.34,3.19
2026-03-25,ENB,54.44,0.52,,,,61.34,51.17,48.16,above_both_golden,3,3,-13,-5,NEUTRAL,NEUTRAL,NEUTRAL,HOLD,HOLD,1.021,0.598,-0.218,0.285,Dividend Yield vs 10Y Treasury Spread,5.18% yield vs 4.34% 10Y = 84bps premium for defensive growth equity,partial,26.15,4.34,3.19
2026-03-25,ETHA,15.97,-1.9,36.8,10.99,19.3,47.35,17.65,24.52,below_both_death,-7,-28,-10,-16,NEUTRAL,BUY,NEUTRAL,HOLD,POSITIONAL_BUY,0.093,-1.548,0.000,-0.866,52-Week Range Position,19.3%,full,26.15,4.34,3.19
2026-03-25,GLD,404.13,0.02,509.7,272.58,55.5,27.51,455.73,375.08,above_200_below_50,-32,-5,-10,-13,BUY,NEUTRAL,NEUTRAL,HOLD,TACTICAL_BUY,-2.228,0.044,0.000,-0.552,Real Yield (10Y-TIPS),2.33%,full,26.15,4.34,3.19
2026-03-25,IBIT,39.28,-1.92,71.82,35.3,10.9,45.01,42.75,56.08,below_both_death,-7,-26,-13,-16,NEUTRAL,BUY,NEUTRAL,HOLD,HOLD,0.093,-1.410,-0.218,-0.866,52-Week Position,10.9% - near lows during institutional adoption surge,full,26.15,4.34,3.19
2026-03-25,KOF,94.24,0.74,,,,30.44,105.1,92.66,above_200_below_50,-25,-7,-15,-14,BUY,NEUTRAL,NEUTRAL,HOLD,HOLD,-1.578,-0.094,-0.364,-0.657,RSI 30.44 with 3.76% Dividend Yield,Technical oversold condition combined with attractive income generation in volatile market environment,partial,26.15,4.34,3.19
2026-03-25,PBR.A,17.95,2.4,,,,69.84,16.06,13.28,above_both_golden,5,-5,-27,-13,NEUTRAL,NEUTRAL,BUY,HOLD,STRATEGIC_BUY,1.207,0.044,-1.238,-0.552,P/E Ratio,5.79x - reflects genuine undervaluation in current energy cycle,partial,26.15,4.34,3.19
2026-03-25,AMKBY,13.21,-1.2,,,,53.37,12.48,10.81,above_both_golden,-5,10,-19,-4,NEUTRAL,NEUTRAL,NEUTRAL,HOLD,HOLD,0.279,1.083,-0.655,0.390,Price-to-Book Ratio,0.6011,partial,26.15,4.34,3.19
2026-03-25,SPY,653.18,-0.34,697.84,481.8,79.3,35.15,682.39,661.42,below_both,-12,-2,-4,-5,NEUTRAL,NEUTRAL,NEUTRAL,HOLD,HOLD,-0.371,0.252,0.437,0.285,HY Credit Spread,319bps - signals corporate health remains intact despite equity volatility,full,26.15,4.34,3.19
2026-03-26,MOS,26.19,3.93,38.23,22.36,24.1,46.65,27.88,30.17,below_both_death,-1,-17,-20,-14,NEUTRAL,NEUTRAL,NEUTRAL,HOLD,HOLD,0.009,-1.131,-0.825,-1.208,Price-to-Book Ratio,0.6327,full,26.95,4.39,3.19
2026-03-26,ASML,1393.89,-0.4,,,,51.84,1395.46,1036,above_200_below_50,-7,8,26,13,NEUTRAL,NEUTRAL,SELL,HOLD,TRIM,-0.583,0.743,2.597,2.344,P/E Ratio,47.765,partial,26.95,4.39,3.19
2026-03-26,SMH,399.02,1.12,427.94,170.11,88.8,51.6,400.75,340.58,above_200_below_50,-7,14,-10,-1,NEUTRAL,NEUTRAL,NEUTRAL,HOLD,HOLD,-0.583,1.192,-0.081,0.502,52-Week Position,88.8%,full,26.95,4.39,3.19
2026-03-26,ENB,54.48,0.07,,,,61.58,51.35,48.2,above_both_golden,8,5,-10,-2,NEUTRAL,NEUTRAL,NEUTRAL,HOLD,HOLD,0.897,0.518,-0.081,0.371,Dividend Yield vs TIPS Spread,309 basis points (5.15% - 2.06%),partial,26.95,4.39,3.19
2026-03-26,ETHA,16.41,2.76,36.8,10.99,21,50.49,17.51,24.51,below_both_death,-5,-17,-13,-12,NEUTRAL,NEUTRAL,NEUTRAL,HOLD,HOLD,-0.386,-1.131,-0.304,-0.945,52-Week Range Position,21% - extreme oversold condition with significant mean reversion potential,full,26.95,4.39,3.19
2026-03-26,GLD,416.29,3.01,509.7,272.58,60.6,35.25,455.61,375.63,above_200_below_50,-8,-5,-10,-8,NEUTRAL,NEUTRAL,NEUTRAL,HOLD,HOLD,-0.681,-0.232,-0.081,-0.419,TIPS Real Yield,2.06%,full,26.95,4.39,3.19
2026-03-26,IBIT,40.17,2.27,71.82,35.3,13.3,48.76,42.52,55.98,below_both_death,-7,-31,-10,-16,NEUTRAL,BUY,NEUTRAL,HOLD,POSITIONAL_BUY,-0.583,-2.180,-0.081,-1.471,52-Week Range Position,13.3%,full,26.95,4.39,3.19
2026-03-26,KOF,97.42,3.37,,,,40.55,105.07,92.66,above_200_below_50,7,3,-10,-4,NEUTRAL,NEUTRAL,NEUTRAL,HOLD,HOLD,0.798,0.368,-0.081,0.108,USD Revenue Exposure,~60% of revenues dollar-linked,partial,26.95,4.39,3.19
2026-03-26,PBR.A,18.13,1,,,,70.26,16.22,13.32,above_both_golden,25,5,-27,-5,SELL,NEUTRAL,BUY,HOLD,STRATEGIC_BUY,2.573,0.518,-1.346,-0.024,P/E Ratio,5.82,partial,26.95,4.39,3.19
2026-03-26,AMKBY,13.176,-0.26,,,,52.95,12.49,10.83,above_both_golden,-5,10,-19,-4,NEUTRAL,NEUTRAL,NEUTRAL,HOLD,HOLD,-0.386,0.892,-0.751,0.108,P/B Ratio,0.6015,partial,26.95,4.39,3.19
2026-03-26,SPY,656.82,0.56,697.84,481.8,81,38.65,681.62,661.7,below_both,-12,4,5,0,NEUTRAL,NEUTRAL,NEUTRAL,HOLD,TACTICAL_BUY,-1.076,0.443,1.035,0.634,VIX Level,26.95,full,26.95,4.39,3.19
2026-03-27,MOS,25,-4.54,38.23,22.36,16.6,43.01,27.85,30.12,below_both_death,-11,-28,-23,-22,NEUTRAL,BUY,NEUTRAL,HOLD,HOLD,-0.245,-1.249,-0.993,-1.362,,,full,25.33,4.33,3.17
2026-03-27,ASML,1329.5,-4.62,1312.8,508.4,102.1,44.36,1396.65,1038.79,above_200_below_50,-11,30,26,20,NEUTRAL,SELL,SELL,HOLD,TRIM,-0.245,1.876,2.624,2.596,52-Week Position,102.1%,full,25.33,4.33,3.17
2026-03-27,SMH,380.84,-4.56,427.94,170.11,81.7,41.8,400.54,341.2,above_200_below_50,-9,11,-8,-2,NEUTRAL,NEUTRAL,NEUTRAL,HOLD,HOLD,-0.103,0.852,0.114,0.523,52-Week Range Position,81.7% - indicating resilience near highs despite recent weakness,full,25.33,4.33,3.17
2026-03-27,ENB,54.5,0.04,,,,61.72,51.51,48.24,above_both_golden,3,-2,-15,-8,NEUTRAL,NEUTRAL,NEUTRAL,HOLD,HOLD,0.748,0.152,-0.403,-0.043,Dividend Yield,5.14% with 28-year growth streak,partial,25.33,4.33,3.17
2026-03-27,ETHA,15.46,-5.79,36.8,10.99,17.3,44.35,17.34,24.49,below_both_death,-12,-28,-10,-17,NEUTRAL,BUY,NEUTRAL,HOLD,HOLD,-0.316,-1.249,-0.034,-0.891,52-week position,17.3%,full,25.33,4.33,3.17
2026-03-27,GLD,400.64,-3.76,509.7,272.58,54,30.71,455.19,376.1,above_200_below_50,-31,-7,-13,-14,BUY,NEUTRAL,NEUTRAL,HOLD,TACTICAL_BUY,-1.663,-0.118,-0.255,-0.608,Real Yield Spread,10Y Treasury 4.33% vs TIPS 2.02% = 2.31% implied inflation expectations supporting gold,full,25.33,4.33,3.17
2026-03-27,IBIT,38.82,-3.36,71.82,35.3,9.6,43.87,42.22,55.87,below_both_death,-6,-35,-8,-17,NEUTRAL,BUY,NEUTRAL,HOLD,POSITIONAL_BUY,0.110,-1.626,0.114,-0.891,52-Week Position,9.6% - Near multi-month lows despite improving regulatory environment,full,25.33,4.33,3.17
2026-03-27,KOF,95.48,-1.99,,,,37.02,104.97,92.65,above_200_below_50,-7,-2,-10,-7,NEUTRAL,NEUTRAL,NEUTRAL,HOLD,HOLD,0.039,0.152,-0.034,0.051,P/E Ratio vs LatAm Consumer Peers,15.33x trading at 15% discount to peer group despite superior ROIC and market positions,partial,25.33,4.33,3.17
2026-03-27,PBR.A,18.29,0.88,,,,73.18,16.38,13.37,above_both_golden,28,5,-27,-5,SELL,NEUTRAL,BUY,HOLD,STRATEGIC_BUY,2.520,0.529,-1.288,0.240,P/E Ratio,5.9225,partial,25.33,4.33,3.17
2026-03-27,AMKBY,13.2,0.18,,,,53.21,12.51,10.85,above_both_golden,-5,10,-19,-4,NEUTRAL,NEUTRAL,NEUTRAL,HOLD,HOLD,0.180,0.798,-0.698,0.334,P/B Ratio,0.5997,partial,25.33,4.33,3.17
2026-03-27,SPY,645.09,-1.79,697.84,481.8,75.6,32.55,680.65,661.91,below_both,-22,-7,2,-7,NEUTRAL,NEUTRAL,NEUTRAL,HOLD,HOLD,-1.025,-0.118,0.852,0.051,VIX Level,25.33,full,25.33,4.33,3.17
2026-03-30,MOS,25,0,38.23,22.36,16.6,43.01,27.8,30.07,below_both_death,-5,-28,-23,-20,NEUTRAL,BUY,NEUTRAL,HOLD,HOLD,0.099,-1.169,-1.077,-1.153,Price-to-Book Ratio,0.6327,full,27.44,4.42,3.21
2026-03-30,ASML,1302.47,-2.03,1312.8,508.4,98.7,41.65,1397.42,1041.38,above_200_below_50,-7,30,29,22,NEUTRAL,SELL,SELL,HOLD,TRIM,-0.016,1.803,2.234,2.375,52-week position,98.7%,full,27.44,4.42,3.21
2026-03-30,SMH,374.25,-1.73,427.94,170.11,79.2,38.91,400.26,341.76,above_200_below_50,-15,8,5,0,NEUTRAL,NEUTRAL,NEUTRAL,HOLD,HOLD,-0.474,0.675,0.706,0.527,52-week position at 79.2%,Shows room for upside within established range while avoiding dangerous territory near lows,full,27.44,4.42,3.21
2026-03-30,ENB,54.58,0.15,76.28,56.51,-9.8,62.28,51.67,48.28,above_both_golden,8,-20,-13,-12,NEUTRAL,NEUTRAL,NEUTRAL,HOLD,HOLD,0.844,-0.759,-0.440,-0.481,Dividend Yield vs 10Y Treasury Spread,5.12% yield vs 4.42% 10Y = 70bp premium,full,27.44,4.42,3.21
2026-03-30,ETHA,15.01,-2.91,36.8,10.99,15.6,41.75,17.12,24.46,below_both_death,-7,-28,-10,-16,NEUTRAL,BUY,NEUTRAL,HOLD,HOLD,-0.016,-1.169,-0.249,-0.817,52-Week Position,15.6%,full,27.44,4.42,3.21
2026-03-30,GLD,414.7,3.51,509.7,272.58,59.9,38.4,454.97,376.64,above_200_below_50,-8,5,7,3,NEUTRAL,NEUTRAL,NEUTRAL,HOLD,HOLD,-0.073,0.522,0.834,0.779,10-Year Treasury Yield,4.42%,full,27.44,4.42,3.21
2026-03-30,IBIT,37.4,-3.66,71.82,35.3,5.8,39.4,41.86,55.74,below_both_death,-21,-37,-10,-23,NEUTRAL,BUY,NEUTRAL,HOLD,POSITIONAL_BUY,-0.818,-1.630,-0.249,-1.405,52-Week Position,5.8% above lows,full,27.44,4.42,3.21
2026-03-30,KOF,95.57,0.09,,,,37.29,104.87,92.65,above_200_below_50,-12,-5,-13,-10,NEUTRAL,NEUTRAL,NEUTRAL,HOLD,HOLD,-0.302,0.009,-0.440,-0.313,RSI Oversold vs Yield Combination,37.29 RSI with 3.76% yield,partial,27.44,4.42,3.21
2026-03-30,PBR.A,18.8,2.79,,,,75.42,16.54,13.42,above_both_golden,40,5,-27,-2,SELL,NEUTRAL,BUY,HOLD,STRATEGIC_BUY,2.677,0.522,-1.331,0.359,P/E Ratio,6.0524,partial,27.44,4.42,3.21
2026-03-30,AMKBY,12.39,-6.14,,,,42.7,12.51,10.86,above_200_below_50,-17,10,-19,-7,NEUTRAL,NEUTRAL,NEUTRAL,HOLD,HOLD,-0.588,0.778,-0.822,-0.061,Price-to-Book Ratio,0.597,partial,27.44,4.42,3.21
2026-03-30,SPY,634.09,-1.71,697.84,481.8,70.5,28.07,679.52,662.08,below_both,-30,3,7,-4,BUY,NEUTRAL,NEUTRAL,HOLD,TACTICAL_BUY,-1.333,0.419,0.834,0.191,10Y Treasury Yield,4.42%,full,27.44,4.42,3.21
2026-03-31,MOS,25,0,38.23,22.36,16.6,43.01,27.75,30.03,below_both_death,-7,-28,-23,-21,NEUTRAL,BUY,NEUTRAL,HOLD,HOLD,0.184,-1.170,-1.105,-1.277,Price-to-Book Ratio,0.6327,full,31.05,4.44,3.42
2026-03-31,ASML,1253.96,-3.72,1312.8,508.4,92.7,37.24,1395.87,1043.73,above_200_below_50,-21,18,16,9,NEUTRAL,NEUTRAL,NEUTRAL,HOLD,TRIM,-0.583,1.296,2.598,2.068,Position in 52-week range,92.7%,full,31.05,4.44,3.42
2026-03-31,SMH,362.53,-3.13,427.94,170.11,74.6,34.37,399.58,342.26,above_200_below_50,-31,-2,-8,-13,BUY,NEUTRAL,NEUTRAL,HOLD,HOLD,-1.131,0.224,0.319,-0.385,52-Week Position,74.6%,full,31.05,4.44,3.42
2026-03-31,ENB,54.33,-0.46,,,,59.35,51.82,48.33,above_both_golden,-5,13,-10,-1,NEUTRAL,NEUTRAL,NEUTRAL,HOLD,HOLD,0.294,1.028,0.129,0.953,Dividend Yield vs 10Y Treasury Spread,74 basis points (5.12% - 4.44%),partial,31.05,4.44,3.42
2026-03-31,ETHA,15.27,1.73,36.8,10.99,16.6,43.8,16.93,24.43,below_both_death,-10,-36,-13,-20,NEUTRAL,BUY,NEUTRAL,HOLD,HOLD,0.020,-1.598,-0.155,-1.166,52-week position,16.6%,full,31.05,4.44,3.42
2026-03-31,GLD,414.58,-0.03,509.7,272.58,59.9,38.36,454.79,377.17,above_200_below_50,-12,-10,-13,-12,NEUTRAL,NEUTRAL,NEUTRAL,HOLD,HOLD,-0.090,-0.205,-0.155,-0.274,Real Interest Rates,2.31% (10Y-TIPS),full,31.05,4.44,3.42
2026-03-31,IBIT,37.68,0.75,71.82,35.3,6.5,40.68,41.54,55.62,below_both_death,-12,-37,-10,-20,NEUTRAL,BUY,NEUTRAL,HOLD,POSITIONAL_BUY,-0.090,-1.652,0.129,-1.166,52-Week Position,6.5% - near absolute lows,full,31.05,4.44,3.42
2026-03-31,KOF,95.71,0.15,,,,37.74,104.76,92.63,above_200_below_50,-12,-2,-10,-8,NEUTRAL,NEUTRAL,NEUTRAL,HOLD,HOLD,-0.090,0.224,0.129,0.172,Dividend Yield,3.76%,partial,31.05,4.44,3.42
2026-03-31,PBR.A,18.91,0.59,,,,75.62,16.7,13.46,above_both_golden,38,5,-27,-3,SELL,NEUTRAL,BUY,HOLD,STRATEGIC_BUY,2.650,0.599,-1.484,0.730,P/E Ratio,6.0886,partial,31.05,4.44,3.42
2026-03-31,AMKBY,12.57,1.45,,,,45.28,12.53,10.88,above_both_golden,-5,13,-19,-3,NEUTRAL,NEUTRAL,NEUTRAL,HOLD,HOLD,0.294,1.028,-0.725,0.730,P/B Ratio,0.596,partial,31.05,4.44,3.42
2026-03-31,SPY,631.97,-0.33,697.84,481.8,69.5,27.29,678.32,662.22,below_both,-37,-2,-8,-13,BUY,NEUTRAL,NEUTRAL,HOLD,TACTICAL_BUY,-1.459,0.224,0.319,-0.385,RSI(14),27.29,full,31.05,4.44,3.42
2026-04-01,MOS,25.5,2,38.23,22.36,19.8,45.25,27.73,29.98,below_both_death,-7,-28,-25,-22,NEUTRAL,BUY,BUY,HOLD,TACTICAL_BUY,-0.586,-1.179,-1.261,-1.516,P/B Ratio,0.6327,full,30.61,4.35,3.46
2026-04-01,ASML,1320.83,5.33,1312.8,508.4,101,45.76,1395.11,1046.4,above_200_below_50,-2,28,14,16,NEUTRAL,SELL,NEUTRAL,HOLD,TRIM,-0.198,1.692,2.185,2.126,52-Week Position,101%,full,30.61,4.35,3.46
2026-04-01,SMH,383.4,5.76,427.94,170.11,82.7,46.38,399.24,342.86,above_200_below_50,-2,4,5,3,NEUTRAL,NEUTRAL,NEUTRAL,HOLD,HOLD,-0.198,0.461,1.390,0.880,Position in 52-week range,82.7%,full,30.61,4.35,3.46
2026-04-01,ENB,54.14,-0.35,,,,57.16,51.95,48.36,above_both_golden,-5,13,-10,-1,NEUTRAL,NEUTRAL,NEUTRAL,HOLD,HOLD,-0.431,0.923,0.064,0.497,Dividend Yield vs 10Y Treasury Spread,77 basis points premium (5.12% vs 4.35%),partial,30.61,4.35,3.46
2026-04-01,ETHA,15.83,3.67,36.8,10.99,18.8,48.03,16.75,24.41,below_both_death,-3,-31,-10,-16,NEUTRAL,BUY,NEUTRAL,HOLD,HOLD,-0.276,-1.333,0.064,-0.941,52-week position,18.8% - near multi-month lows despite improving fundamentals,full,30.61,4.35,3.46
2026-04-01,GLD,430.29,3.79,509.7,272.58,66.5,46.1,454.97,377.76,above_200_below_50,-3,3,-13,-5,NEUTRAL,NEUTRAL,NEUTRAL,HOLD,HOLD,-0.276,0.410,-0.201,0.113,Real Yield (TIPS),2.04%,full,30.61,4.35,3.46
2026-04-01,IBIT,38.42,1.96,71.82,35.3,8.5,44.06,41.22,55.51,below_both_death,-7,-40,-13,-21,NEUTRAL,BUY,NEUTRAL,HOLD,POSITIONAL_BUY,-0.586,-1.794,-0.201,-1.420,52-Week Position at 8.5%,8.5%,full,30.61,4.35,3.46
2026-04-01,KOF,97.55,1.92,,,,43.51,104.72,92.63,above_200_below_50,-5,3,-10,-5,NEUTRAL,NEUTRAL,NEUTRAL,HOLD,HOLD,-0.431,0.410,0.064,0.113,Dividend Yield,3.75801%,partial,30.61,4.35,3.46
2026-04-01,PBR.A,18.75,-0.85,,,,74.64,16.86,13.5,above_both_golden,40,5,-27,-2,SELL,NEUTRAL,BUY,HOLD,STRATEGIC_BUY,3.067,0.513,-1.438,0.401,P/E Ratio,6.0886,partial,30.61,4.35,3.46
2026-04-01,AMKBY,12.43,-1.11,,,,43.63,12.55,10.89,above_200_below_50,5,-2,-19,-6,NEUTRAL,NEUTRAL,NEUTRAL,HOLD,HOLD,0.346,0.154,-0.731,0.017,Price-to-Book Ratio,0.5947,partial,30.61,4.35,3.46
2026-04-01,SPY,650.34,2.91,697.84,481.8,78,42.25,677.49,662.49,below_both,-5,-10,-10,-9,NEUTRAL,NEUTRAL,NEUTRAL,HOLD,HOLD,-0.431,-0.256,0.064,-0.270,VIX Fear Premium,30.61,full,30.61,4.35,3.46
2026-04-02,MOS,26.54,4.08,38.23,22.36,26.3,49.68,27.72,29.93,below_both_death,7,-15,-21,-12,NEUTRAL,NEUTRAL,NEUTRAL,HOLD,HOLD,2.491,-0.913,-1.046,-0.931,Price-to-Book Ratio,0.6327,full,25.25,4.3,3.28
2026-04-02,ASML,1359.76,2.95,1312.8,508.4,105.8,50.01,1395.79,1049.4,above_200_below_50,-7,30,5,11,NEUTRAL,SELL,NEUTRAL,HOLD,TRIM,-0.706,1.731,1.650,2.252,52-Week Position,105.8%,full,25.25,4.3,3.28
2026-04-02,SMH,391.97,2.24,427.94,170.11,86,50.39,399.27,343.54,above_200_below_50,-5,14,-11,0,NEUTRAL,NEUTRAL,NEUTRAL,HOLD,HOLD,-0.249,0.790,-0.009,0.730,52-week position,86%,full,25.25,4.3,3.28
2026-04-02,ENB,53.65,-0.91,,,,51.83,52.08,48.4,above_both_golden,-5,10,-11,-3,NEUTRAL,NEUTRAL,NEUTRAL,HOLD,HOLD,-0.249,0.555,-0.009,0.315,Dividend Yield vs Real Rates Spread,310 basis points premium over TIPS,partial,25.25,4.3,3.28
2026-04-02,ETHA,16.16,2.08,36.8,10.99,20,50.4,16.62,24.39,below_both_death,-5,-25,-9,-14,NEUTRAL,BUY,NEUTRAL,HOLD,POSITIONAL_BUY,-0.249,-1.501,0.198,-1.208,52-week position,20% - indicating significant oversold conditions despite recent technical weakness,full,25.25,4.3,3.28
2026-04-02,GLD,437.82,1.75,509.7,272.58,69.7,49.38,454.99,378.37,above_200_below_50,-5,8,-9,-2,NEUTRAL,NEUTRAL,NEUTRAL,HOLD,HOLD,-0.249,0.438,0.198,0.453,Real Interest Rates (10Y-TIPS),2.3%,full,25.25,4.3,3.28
2026-04-02,IBIT,38.64,0.57,71.82,35.3,9.1,45.06,40.98,55.4,below_both_death,-7,-30,-11,-16,NEUTRAL,BUY,NEUTRAL,HOLD,TACTICAL_BUY,-0.706,-1.795,-0.009,-1.485,52-week range position,9.1%,full,25.25,4.3,3.28
2026-04-02,KOF,98.95,1.44,,,,47.5,104.7,92.64,above_200_below_50,-5,0,-11,-7,NEUTRAL,NEUTRAL,NEUTRAL,HOLD,HOLD,-0.249,-0.032,-0.009,-0.239,Dividend Yield vs 10Y Treasury Spread,-0.54% (3.76% yield vs 4.3% 10Y),partial,25.25,4.3,3.28
2026-04-02,PBR.A,18.28,-2.51,,,,64.58,17.01,13.54,above_both_golden,3,10,-28,-8,NEUTRAL,NEUTRAL,BUY,HOLD,STRATEGIC_BUY,1.578,0.555,-1.772,-0.377,P/E Ratio,5.9903,partial,25.25,4.3,3.28
2026-04-02,AMKBY,12.33,-0.8,,,,42.44,12.57,10.91,above_200_below_50,-7,8,-20,-6,NEUTRAL,NEUTRAL,NEUTRAL,HOLD,HOLD,-0.706,0.438,-0.943,-0.101,Price-to-Book Ratio,0.6014,partial,25.25,4.3,3.28
2026-04-02,SPY,655.24,0.75,697.84,481.8,80.3,45.47,677.05,662.75,below_both,-7,-4,6,-1,NEUTRAL,NEUTRAL,NEUTRAL,HOLD,HOLD,-0.706,-0.267,1.753,0.591,VIX Level,25.25,full,25.25,4.3,3.28
2026-04-03,MOS,26.17,-1.39,38.23,22.36,24,48.19,27.69,29.88,below_both_death,-5,-22,-21,-17,NEUTRAL,NEUTRAL,NEUTRAL,HOLD,HOLD,0.055,-1.087,-0.938,-1.071,Price-to-Book Ratio,0.6327,full,24.54,4.33,3.16
2026-04-03,ASML,1317.23,-3.13,1312.8,508.4,100.6,45.79,1394.93,1052.11,above_200_below_50,-6,30,30,23,NEUTRAL,SELL,SELL,HOLD,TRIM,-0.246,1.792,2.876,2.611,52-Week Position,100.6%,full,24.54,4.33,3.16
2026-04-03,SMH,392.32,0.09,427.94,170.11,86.2,50.55,399.08,344.18,above_200_below_50,-7,14,-9,0,NEUTRAL,NEUTRAL,NEUTRAL,HOLD,HOLD,-0.547,0.906,-0.041,0.494,52-week position,86.2% - technical strength amid fundamental uncertainty,full,24.54,4.33,3.16
2026-04-03,ENB,54.15,0.93,,,,56.31,52.22,48.44,above_both_golden,-2,13,-6,1,NEUTRAL,NEUTRAL,NEUTRAL,HOLD,HOLD,0.957,0.851,0.184,0.586,Dividend Yield,5.12%,partial,24.54,4.33,3.16
2026-04-03,ETHA,15.63,-3.28,36.8,10.99,18,46.71,16.48,24.37,below_both_death,-11,-31,-11,-18,NEUTRAL,BUY,NEUTRAL,HOLD,TACTICAL_BUY,-1.750,-1.586,-0.190,-1.163,52-Week Position,18% - showing significant recovery from October lows despite appearing weak,full,24.54,4.33,3.16
2026-04-03,GLD,429.41,-1.92,509.7,272.58,66.1,46.01,454.7,378.96,above_200_below_50,-7,3,-9,-4,NEUTRAL,NEUTRAL,NEUTRAL,HOLD,HOLD,-0.547,0.297,-0.041,0.126,Real Yield (10Y TIPS),2.02%,full,24.54,4.33,3.16
2026-04-03,IBIT,37.97,-1.73,71.82,35.3,7.3,42.56,40.71,55.28,below_both_death,-5,-30,-9,-15,NEUTRAL,BUY,NEUTRAL,HOLD,POSITIONAL_BUY,0.055,-1.531,-0.041,-0.887,52-Week Position,7.3%,full,24.54,4.33,3.16
2026-04-03,KOF,98.76,-0.19,,,,47.01,104.64,92.65,above_200_below_50,-5,0,-9,-6,NEUTRAL,NEUTRAL,NEUTRAL,HOLD,HOLD,0.055,0.131,-0.041,-0.059,Dividend Yield vs 10Y Treasury Spread,-58bps (3.76% yield vs 4.34% 10Y),partial,24.54,4.33,3.16
2026-04-03,PBR.A,18.66,2.08,,,,67.92,17.15,13.58,above_both_golden,3,-2,-25,-11,NEUTRAL,NEUTRAL,BUY,HOLD,STRATEGIC_BUY,2.460,0.020,-1.237,-0.519,P/E Ratio,5.79x represents exceptional value for integrated energy major with strong cash generation,partial,24.54,4.33,3.16
2026-04-03,AMKBY,12.22,-0.89,,,,41.12,12.58,10.92,above_200_below_50,-5,3,-15,-5,NEUTRAL,NEUTRAL,NEUTRAL,HOLD,HOLD,0.055,0.297,-0.490,0.033,Price-to-Book Ratio,0.5975,partial,24.54,4.33,3.16
2026-04-03,SPY,655.83,0.09,697.84,481.8,80.6,45.86,676.45,663.04,below_both,-7,-4,-9,-7,NEUTRAL,NEUTRAL,NEUTRAL,HOLD,HOLD,-0.547,-0.091,-0.041,-0.151,VIX Level,24.54,full,24.54,4.33,3.16
2026-04-06,MOS,26.17,-1.39,38.23,22.36,24,48.19,27.69,29.88,below_both_death,-5,-22,-22,-18,NEUTRAL,NEUTRAL,NEUTRAL,HOLD,HOLD,-0.247,-1.131,-0.981,-1.146,Price-to-Book Ratio,0.6327,full,24.54,4.31,3.17
2026-04-06,ASML,1317.23,-3.13,1312.8,542.4,100.6,45.79,1394.93,1052.11,above_200_below_50,1,28,19,19,NEUTRAL,SELL,NEUTRAL,HOLD,TRIM,0.838,1.918,2.768,2.616,China Revenue Exposure,~15-20% of total sales at risk from export controls,full,24.54,4.31,3.17
2026-04-06,SMH,392.32,0.09,427.94,170.11,86.2,50.55,399.08,344.18,above_200_below_50,-7,11,-10,-2,NEUTRAL,NEUTRAL,NEUTRAL,HOLD,HOLD,-0.608,0.881,0.116,0.481,52-week position,86.2%,full,24.54,4.31,3.17
2026-04-06,ENB,54.15,0.93,,,,56.31,52.22,48.44,above_both_golden,-5,13,-12,-2,NEUTRAL,NEUTRAL,NEUTRAL,HOLD,HOLD,-0.247,1.003,-0.066,0.481,Dividend Yield vs 10Y Treasury Spread,81 basis points premium (5.12% vs 4.31%),partial,24.54,4.31,3.17
2026-04-06,ETHA,15.63,-3.28,36.8,10.99,18,46.71,16.48,24.37,below_both_death,-11,-23,-12,-16,NEUTRAL,NEUTRAL,NEUTRAL,HOLD,TACTICAL_BUY,-1.331,-1.192,-0.066,-0.943,52-week range position,18%,full,24.54,4.31,3.17
2026-04-06,GLD,429.41,-1.92,509.7,272.58,66.1,46.01,454.7,378.96,above_200_below_50,-7,-5,-12,-9,NEUTRAL,NEUTRAL,NEUTRAL,HOLD,HOLD,-0.608,-0.094,-0.066,-0.231,Real Yield (TIPS),1.97%,full,24.54,4.31,3.17
2026-04-06,IBIT,37.97,-1.73,71.82,35.3,7.3,42.56,40.71,55.28,below_both_death,-7,-30,-10,-16,NEUTRAL,BUY,NEUTRAL,HOLD,POSITIONAL_BUY,-0.608,-1.619,0.116,-0.943,52-Week Position,7.3% from lows,full,24.54,4.31,3.17
2026-04-06,KOF,98.76,-0.19,,,,47.01,104.64,92.65,above_200_below_50,-5,3,-10,-5,NEUTRAL,NEUTRAL,NEUTRAL,HOLD,HOLD,-0.247,0.394,0.116,0.176,Dividend Yield vs TIPS Spread,178 basis points (3.76% yield vs 1.97% TIPS),partial,24.54,4.31,3.17
2026-04-06,PBR.A,18.66,2.08,,,,67.92,17.15,13.58,above_both_golden,5,-2,-26,-11,NEUTRAL,NEUTRAL,BUY,HOLD,STRATEGIC_BUY,1.561,0.089,-1.346,-0.434,P/E Ratio,5.91x earnings with 20%+ dividend yield signals massive cash generation at current oil prices,partial,24.54,4.31,3.17
2026-04-06,AMKBY,12.22,-0.89,,,,41.12,12.58,10.92,above_200_below_50,-7,-7,-19,-11,NEUTRAL,NEUTRAL,NEUTRAL,HOLD,HOLD,-0.608,-0.216,-0.706,-0.434,P/B Ratio,0.5974,partial,24.54,4.31,3.17
2026-04-06,SPY,655.83,0.09,697.84,481.8,80.6,45.86,676.45,663.04,below_both,8,-4,-10,-3,NEUTRAL,NEUTRAL,NEUTRAL,HOLD,HOLD,2.104,-0.033,0.116,0.379,VIX,24.54,full,24.54,4.31,3.17
2026-04-07,MOS,26.51,1.3,38.23,22.36,26.1,49.68,27.66,29.84,below_both_death,3,-15,-20,-12,NEUTRAL,NEUTRAL,NEUTRAL,HOLD,HOLD,0.867,-0.866,-1.345,-0.912,Price-to-Book Ratio,0.6327,full,23.87,4.35,3.13
2026-04-07,ASML,1304.01,-1,1312.8,542.4,98.9,44.53,1393.11,1054.83,above_200_below_50,-5,28,4,11,NEUTRAL,SELL,NEUTRAL,HOLD,TRIM,-0.496,2.191,2.473,2.693,52-Week Position,98.9%,full,23.87,4.35,3.13
2026-04-07,SMH,395.98,0.93,427.94,170.11,87.6,52.31,398.94,344.86,above_200_below_50,-7,-1,-12,-7,NEUTRAL,NEUTRAL,NEUTRAL,HOLD,TACTICAL_BUY,-0.836,0.129,-0.072,-0.128,52-Week Range Position,87.6%,full,23.87,4.35,3.13
2026-04-07,ENB,53.74,-0.76,,,,52.04,52.34,48.48,above_both_golden,3,3,-10,-3,NEUTRAL,NEUTRAL,NEUTRAL,HOLD,HOLD,0.867,0.414,0.246,0.499,Dividend Yield vs TIPS Spread,318 basis points (5.19% - 1.99%),partial,23.87,4.35,3.13
2026-04-07,ETHA,16.2,3.65,36.8,10.99,20.2,50.87,16.36,24.36,below_both_death,-3,-15,-12,-11,NEUTRAL,NEUTRAL,NEUTRAL,HOLD,HOLD,-0.155,-0.866,-0.072,-0.755,52-Week Range Position,20.2%,full,23.87,4.35,3.13
2026-04-07,GLD,427.65,-0.41,509.7,272.58,65.4,45.32,454.22,379.54,above_200_below_50,-5,-2,-10,-6,NEUTRAL,NEUTRAL,NEUTRAL,HOLD,HOLD,-0.496,0.058,0.246,0.029,Real Yield (TIPS),1.99%,full,23.87,4.35,3.13
2026-04-07,IBIT,39.52,4.08,71.82,35.3,11.6,49.53,40.49,55.18,below_both_death,-3,-31,-10,-15,NEUTRAL,BUY,NEUTRAL,HOLD,POSITIONAL_BUY,-0.155,-2.004,0.246,-1.382,52-Week Range Position,11.6%,full,23.87,4.35,3.13
2026-04-07,KOF,99.02,0.26,,,,47.8,104.53,92.67,above_200_below_50,-5,3,-10,-5,NEUTRAL,NEUTRAL,NEUTRAL,HOLD,HOLD,-0.496,0.414,0.246,0.185,Dividend Yield,3.75801%,partial,23.87,4.35,3.13
2026-04-07,PBR.A,18.97,1.66,,,,69.83,17.29,13.62,above_both_golden,13,5,-21,-5,NEUTRAL,NEUTRAL,NEUTRAL,HOLD,STRATEGIC_BUY,2.571,0.556,-1.504,0.185,P/E Ratio,5.9898,partial,23.87,4.35,3.13
2026-04-07,AMKBY,12.31,0.74,,,,42.7,12.59,10.94,above_200_below_50,-7,-2,-16,-8,NEUTRAL,NEUTRAL,NEUTRAL,HOLD,HOLD,-0.836,0.058,-0.709,-0.285,P/B Ratio,0.5989,partial,23.87,4.35,3.13
2026-04-07,SPY,658.93,0.47,697.84,481.8,82,47.98,675.85,663.35,below_both,-7,-4,-10,-7,NEUTRAL,NEUTRAL,NEUTRAL,HOLD,HOLD,-0.836,-0.084,0.246,-0.128,VIX Level,23.87,full,23.87,4.35,3.13
2026-04-08,MOS,26.37,-0.53,38.23,22.36,25.3,49.05,27.61,29.79,below_both_death,-5,-22,-22,-18,NEUTRAL,NEUTRAL,NEUTRAL,HOLD,HOLD,-0.118,-1.135,-0.977,-1.233,Price-to-Book Ratio,0.6327x,full,24.17,4.34,3.05
2026-04-08,ASML,1306.45,0.19,1312.8,542.4,99.2,44.83,1391.46,1057.55,above_200_below_50,-7,23,14,13,NEUTRAL,NEUTRAL,NEUTRAL,HOLD,TRIM,-0.442,1.776,2.707,2.555,52-Week Position,99.2% - trading at virtual all-time highs despite healthy fundamentals,full,24.17,4.34,3.05
2026-04-08,SMH,399.9,0.99,427.94,170.11,89.1,54.2,398.94,345.54,above_both_golden,-7,9,-10,-2,NEUTRAL,NEUTRAL,NEUTRAL,HOLD,TACTICAL_BUY,-0.442,0.870,0.251,0.722,52-week position at 89.1%,89.1%,full,24.17,4.34,3.05
2026-04-08,ENB,54.38,1.19,,,,57.46,52.47,48.52,above_both_golden,-5,-2,-15,-9,NEUTRAL,NEUTRAL,NEUTRAL,HOLD,HOLD,-0.118,0.159,-0.260,-0.133,Dividend Yield,5.13%,partial,24.17,4.34,3.05
2026-04-08,ETHA,15.95,-1.54,36.8,10.99,19.2,49.06,16.23,24.34,below_both_death,-7,-23,-12,-15,NEUTRAL,NEUTRAL,NEUTRAL,HOLD,HOLD,-0.442,-1.200,0.047,-0.866,52-Week Range Position,19.2% - indicating significant discount from recent highs,full,24.17,4.34,3.05
2026-04-08,GLD,431.81,0.97,509.7,272.58,67.2,47.35,453.69,380.15,above_200_below_50,-7,-5,-12,-9,NEUTRAL,NEUTRAL,NEUTRAL,HOLD,HOLD,-0.442,-0.035,0.047,-0.133,Real Yield (TIPS),1.98%,full,24.17,4.34,3.05
2026-04-08,IBIT,39.1,-1.06,71.82,35.3,10.4,47.84,40.26,55.08,below_both_death,-7,-31,-12,-17,NEUTRAL,BUY,NEUTRAL,HOLD,POSITIONAL_BUY,-0.442,-1.717,0.047,-1.111,52-Week Position,10.4% - near multi-year lows with strong institutional demand backdrop,full,24.17,4.34,3.05
2026-04-08,KOF,98.87,-0.15,,,,47.36,104.38,92.69,above_200_below_50,-5,8,-10,-4,NEUTRAL,NEUTRAL,NEUTRAL,HOLD,HOLD,-0.118,0.806,0.251,0.478,Dividend Yield,3.75801%,partial,24.17,4.34,3.05
2026-04-08,PBR.A,18.83,-0.74,,,,67.66,17.42,13.65,above_both_golden,15,8,-26,-6,NEUTRAL,NEUTRAL,BUY,HOLD,STRATEGIC_BUY,3.126,0.806,-1.386,0.233,P/E Ratio,5.959,partial,24.17,4.34,3.05
2026-04-08,AMKBY,12.33,0.16,,,,43.06,12.61,10.95,above_200_below_50,-5,-5,-20,-10,NEUTRAL,NEUTRAL,NEUTRAL,HOLD,HOLD,-0.118,-0.035,-0.772,-0.255,Price-to-Book Ratio,0.5993,partial,24.17,4.34,3.05
2026-04-08,SPY,659.22,0.04,697.84,481.8,82.1,48.18,675.25,663.67,below_both,-7,-9,-12,-10,NEUTRAL,NEUTRAL,NEUTRAL,HOLD,HOLD,-0.442,-0.294,0.047,-0.255,VIX Level,24.17,full,24.17,4.34,3.05
2026-04-09,MOS,26.62,0,38.23,22.36,26.8,50.47,27.54,29.69,below_both_death,-5,-22,-22,-18,NEUTRAL,NEUTRAL,NEUTRAL,HOLD,POSITIONAL_BUY,-0.739,-1.258,-0.936,-1.380,Price-to-Book Ratio,0.6327,full,21.04,4.33,2.94
2026-04-09,ASML,1432.55,0.81,,,,57.63,1391.24,1064.15,above_both_golden,-5,10,29,16,NEUTRAL,NEUTRAL,SELL,HOLD,TRIM,-0.739,0.579,2.982,1.929,P/E Ratio,44.27x,partial,21.04,4.33,2.94
2026-04-09,SMH,426.27,0.79,427.94,170.11,99.4,64.69,399.81,347.18,above_both_golden,15,40,-10,15,NEUTRAL,SELL,NEUTRAL,HOLD,HOLD,1.723,2.301,-0.014,1.831,52-week range position,99.4%,full,21.04,4.33,2.94
2026-04-09,ENB,54.83,0.64,77.18,56.51,-8.1,60.92,52.74,48.62,above_both_golden,3,-20,-10,-12,NEUTRAL,NEUTRAL,NEUTRAL,HOLD,HOLD,0.246,-1.143,-0.014,-0.796,Dividend Yield vs 10Y Treasury Spread,81 basis points premium with 28-year growth track record,full,21.04,4.33,2.94
2026-04-09,ETHA,16.39,-1.97,36.8,10.99,20.9,51.8,16,24.33,above_50_below_200,10,-12,-12,-6,NEUTRAL,NEUTRAL,NEUTRAL,HOLD,HOLD,1.108,-0.684,-0.168,-0.212,52-Week Range Position,20.9%,full,21.04,4.33,2.94
2026-04-09,GLD,438.55,0.93,509.7,272.58,70,50.66,452.34,381.4,above_200_below_50,-7,3,-10,-5,NEUTRAL,NEUTRAL,NEUTRAL,HOLD,TACTICAL_BUY,-0.985,0.177,-0.014,-0.115,TIPS Real Yield,1.96%,full,21.04,4.33,2.94
2026-04-09,IBIT,40.2,-0.54,71.82,35.3,13.4,52.27,39.87,54.9,above_50_below_200,-7,-21,-15,-15,NEUTRAL,NEUTRAL,NEUTRAL,HOLD,HOLD,-0.985,-1.200,-0.398,-1.088,52-week position,13.4%,full,21.04,4.33,2.94
2026-04-09,KOF,105.85,1.53,,,,63.62,104.28,92.79,above_both_golden,3,10,-10,-2,NEUTRAL,NEUTRAL,NEUTRAL,HOLD,HOLD,0.246,0.579,-0.014,0.177,Dividend Yield vs 10Y Treasury Spread,-0.57% (3.76% yield vs 4.33% 10Y),partial,21.04,4.33,2.94
2026-04-09,PBR.A,18.83,3.29,,,,63.03,17.64,13.73,above_both_golden,14,5,-21,-5,NEUTRAL,NEUTRAL,NEUTRAL,HOLD,STRATEGIC_BUY,1.600,0.292,-0.859,-0.115,P/B Ratio,0.9767,partial,21.04,4.33,2.94
2026-04-09,AMKBY,12.39,0.49,,,,44.02,12.62,10.97,above_200_below_50,-5,0,-17,-7,NEUTRAL,NEUTRAL,NEUTRAL,HOLD,HOLD,-0.739,0.005,-0.552,-0.310,Price-to-Book Ratio,0.606,partial,21.04,4.33,2.94
2026-04-09,SPY,675.47,-0.08,697.84,481.8,89.6,57.97,674.52,664.39,above_both_golden,-5,6,-10,-3,NEUTRAL,NEUTRAL,NEUTRAL,HOLD,HOLD,-0.739,0.350,-0.014,0.080,52-Week Range Position,89.6%,full,21.04,4.33,2.94
2026-04-10,MOS,25.27,-5.07,38.23,22.37,18.3,44.17,27.51,29.68,below_both_death,-12,-28,-22,-22,NEUTRAL,BUY,NEUTRAL,HOLD,TACTICAL_BUY,-1.251,-1.517,-0.978,-1.651,P/B Ratio,0.6327,full,21.04,4.29,2.94
2026-04-10,ASML,1448.64,1.94,,,,59.02,1391.49,1064.22,above_both_golden,-5,10,29,16,NEUTRAL,NEUTRAL,SELL,HOLD,HOLD,-0.600,0.354,2.885,1.544,P/E Ratio,48.20,partial,21.04,4.29,2.94
2026-04-10,SMH,430.31,1.75,427.94,170.11,100.9,65.71,399.88,347.2,above_both_golden,23,40,-10,17,NEUTRAL,SELL,NEUTRAL,HOLD,TRIM,2.003,1.831,-0.069,1.628,52-Week Position,100.9%,full,21.04,4.29,2.94
2026-04-10,ENB,54.5,0.04,77.18,56.51,-9.7,58.42,52.73,48.62,above_both_golden,3,-20,-10,-12,NEUTRAL,NEUTRAL,NEUTRAL,HOLD,HOLD,0.144,-1.123,-0.069,-0.810,Distance from 52-week high,-29.4%,full,21.04,4.29,2.94
2026-04-10,ETHA,16.77,0.3,36.8,10.99,22.4,54.77,16.01,24.33,above_50_below_200,-5,-12,-10,-9,NEUTRAL,NEUTRAL,NEUTRAL,HOLD,HOLD,-0.600,-0.730,-0.069,-0.558,52-week range position,22.4%,full,21.04,4.29,2.94
2026-04-10,GLD,437.91,0.78,509.7,272.58,69.7,50.38,452.33,381.4,above_200_below_50,-7,3,-10,-5,NEUTRAL,NEUTRAL,NEUTRAL,HOLD,HOLD,-0.786,0.009,-0.069,-0.222,Real Yield (10Y TIPS),1.96%,full,21.04,4.29,2.94
2026-04-10,IBIT,40.91,1.21,71.82,35.3,15.4,55.11,39.88,54.9,above_50_below_200,-7,-21,-15,-15,NEUTRAL,NEUTRAL,NEUTRAL,HOLD,POSITIONAL_BUY,-0.786,-1.173,-0.448,-1.062,52-Week Position,15.4% - healthy consolidation zone for institutional accumulation,full,21.04,4.29,2.94
2026-04-10,KOF,105.64,1.33,,,,63.71,104.29,92.79,above_both_golden,8,5,-7,-1,NEUTRAL,NEUTRAL,NEUTRAL,HOLD,HOLD,0.609,0.107,0.158,0.115,Dividend Yield vs 10Y Spread,-53 basis points (3.76% vs 4.29%),partial,21.04,4.29,2.94
2026-04-10,PBR.A,18.89,3.62,,,,63.53,17.65,13.73,above_both_golden,17,13,-21,-2,NEUTRAL,NEUTRAL,NEUTRAL,HOLD,STRATEGIC_BUY,1.445,0.501,-0.902,0.031,P/E Ratio,5.87,partial,21.04,4.29,2.94
2026-04-10,AMKBY,12.67,2.26,,,,49.52,12.64,10.99,above_both_golden,-7,13,-19,-3,NEUTRAL,NEUTRAL,NEUTRAL,HOLD,HOLD,-0.786,0.501,-0.751,-0.053,P/B Ratio,0.6056,partial,21.04,4.29,2.94
2026-04-10,SPY,679.91,0.58,697.84,481.8,91.7,60.31,674.61,664.42,above_both_golden,8,28,-5,10,NEUTRAL,SELL,NEUTRAL,HOLD,HOLD,0.609,1.240,0.310,1.039,52-Week Position,91.7%,full,21.04,4.29,2.94
2026-04-13,MOS,25.18,1.7,38.23,22.46,17.2,44.38,27.39,29.58,below_both_death,-5,-26,-20,-18,NEUTRAL,BUY,NEUTRAL,HOLD,POSITIONAL_BUY,-0.408,-1.289,-0.805,-1.040,Price-to-Book Ratio,0.6327,full,19.23,4.29,2.9
2026-04-13,ASML,1472.92,-0.36,,,,60.62,1392.92,1070.82,above_both_golden,0,10,29,17,NEUTRAL,NEUTRAL,SELL,HOLD,HOLD,-0.046,0.595,2.459,1.510,China Revenue Exposure,~15% of total revenue at risk from export restrictions,partial,19.23,4.29,2.9
2026-04-13,SMH,436.04,-0.19,441.54,180.27,97.9,66.81,400.64,348.82,above_both_golden,28,45,13,29,SELL,SELL,NEUTRAL,TRIM,TRIM,1.983,2.426,1.393,2.384,52-Week Position,97.9%,full,19.23,4.29,2.9
2026-04-13,ENB,54.44,0.22,77.18,56.51,-10,57.15,52.95,48.72,above_both_golden,-5,-20,-12,-14,NEUTRAL,NEUTRAL,NEUTRAL,HOLD,HOLD,-0.408,-0.975,-0.273,-0.748,Dividend Yield,5.16%,full,19.23,4.29,2.9
2026-04-13,ETHA,16.52,-3.11,36.8,11.02,21.3,52.26,15.8,24.31,above_50_below_200,-11,-15,-12,-13,NEUTRAL,NEUTRAL,NEUTRAL,HOLD,TACTICAL_BUY,-0.843,-0.714,-0.273,-0.676,52-week position at 21.3%,21.3%,full,19.23,4.29,2.9
2026-04-13,GLD,434.1,-0.69,509.7,281.04,66.9,48.26,449.94,382.69,above_200_below_50,-7,-5,-12,-9,NEUTRAL,NEUTRAL,NEUTRAL,HOLD,HOLD,-0.553,-0.190,-0.273,-0.384,Real Yield (TIPS),1.95%,full,19.23,4.29,2.9
2026-04-13,IBIT,40.23,-3.2,71.82,35.3,13.5,51.59,39.56,54.71,above_50_below_200,-11,-21,-10,-14,NEUTRAL,NEUTRAL,NEUTRAL,HOLD,HOLD,-0.843,-1.028,-0.139,-0.748,52-week range position,13.5%,full,19.23,4.29,2.9
2026-04-13,KOF,104.55,-0.17,,,,60.81,104.24,92.84,above_both_golden,0,10,-10,-2,NEUTRAL,NEUTRAL,NEUTRAL,HOLD,HOLD,-0.046,0.595,-0.139,0.126,Dividend Yield,3.75801%,partial,19.23,4.29,2.9
2026-04-13,PBR.A,19.81,1.33,,,,70.41,17.9,13.82,above_both_golden,30,5,-26,-4,SELL,NEUTRAL,BUY,HOLD,STRATEGIC_BUY,2.128,0.333,-1.205,-0.020,P/E Ratio,6.0138,partial,19.23,4.29,2.9
2026-04-13,AMKBY,12.37,-2.37,,,,44.61,12.64,11,above_200_below_50,-7,-2,-20,-10,NEUTRAL,NEUTRAL,NEUTRAL,HOLD,HOLD,-0.553,-0.033,-0.805,-0.457,Price-to-Book Ratio,0.6081,partial,19.23,4.29,2.9
2026-04-13,SPY,677.15,-0.34,697.84,493.05,89.9,57.94,673.95,665.1,above_both_golden,-5,4,-7,-3,NEUTRAL,NEUTRAL,NEUTRAL,HOLD,HOLD,-0.408,0.281,0.061,0.053,52-Week Range Position,89.9%,full,19.23,4.29,2.9
2026-04-13,MOS,24.54,-0.89,38.23,22.46,13.2,41.19,27.37,29.57,below_both_death,-5,-28,-25,-21,NEUTRAL,BUY,BUY,HOLD,POSITIONAL_BUY,-1.064,-1.683,-1.051,-1.572,Price-to-Book Ratio,0.6327x,full,19.23,4.31,2.94
2026-04-13,ASML,1500.2,1.48,,,,63.08,1393.5,1070.97,above_both_golden,8,13,29,19,NEUTRAL,NEUTRAL,SELL,HOLD,HOLD,0.125,0.473,1.735,1.286,P/E Ratio,50.484x - reflects market pricing perfection amid significant geopolitical and cyclical headwinds,partial,19.23,4.31,2.94
2026-04-13,SMH,443.34,1.48,441.54,180.27,100.7,69.59,400.8,348.86,above_both_golden,15,40,-10,15,NEUTRAL,SELL,NEUTRAL,HOLD,HOLD,0.765,1.893,-0.277,1.000,52-Week Position,100.7%,full,19.23,4.31,2.94
2026-04-13,ENB,53.47,-1.56,,,,47.26,52.93,48.71,above_both_golden,-2,13,-10,-1,NEUTRAL,NEUTRAL,NEUTRAL,HOLD,HOLD,-0.790,0.473,-0.277,-0.143,Dividend Yield,5.16%,partial,19.23,4.31,2.94
2026-04-13,ETHA,17.08,0.18,36.8,11.02,23.5,56.89,15.81,24.32,above_50_below_200,-7,-12,-12,-11,NEUTRAL,NEUTRAL,NEUTRAL,HOLD,TACTICAL_BUY,-1.247,-0.841,-0.380,-0.858,52-week range position,23.5%,full,19.23,4.31,2.94
2026-04-13,GLNCY,15.2,0.8,,,,66.79,14.05,10.54,above_both_golden,15,5,33,20,NEUTRAL,NEUTRAL,SELL,HOLD,TRIM,0.765,0.053,1.942,1.358,P/E Ratio,244.738,partial,19.23,4.31,2.94
2026-04-13,IBIT,41.59,0.07,71.82,35.3,17.2,57.64,39.58,54.71,above_50_below_200,-7,-21,-15,-15,NEUTRAL,NEUTRAL,NEUTRAL,HOLD,HOLD,-1.247,-1.315,-0.535,-1.143,52-week position,17.2% - lower quartile positioning despite improving fundamentals,full,19.23,4.31,2.94
2026-04-13,KOF,104.88,0.14,,,,61.12,104.26,92.91,above_both_golden,8,3,-10,-3,NEUTRAL,NEUTRAL,NEUTRAL,HOLD,HOLD,0.125,-0.053,-0.277,-0.286,Dividend Yield vs TIPS Spread,176 basis points premium to real yields,partial,19.23,4.31,2.94
2026-04-13,PBR.A,19.87,1.64,,,,70.95,17.9,13.82,above_both_golden,30,5,-24,-3,SELL,NEUTRAL,NEUTRAL,HOLD,STRATEGIC_BUY,2.137,0.053,-0.999,-0.286,P/E Ratio,6.0138,partial,19.23,4.31,2.94
2026-04-13,AMKBY,12.37,-2.37,,,,45.92,12.64,11.02,above_200_below_50,5,-2,-20,-7,NEUTRAL,NEUTRAL,NEUTRAL,HOLD,HOLD,-0.150,-0.316,-0.793,-0.572,Price-to-Book Ratio,0.6081,partial,19.23,4.31,2.94
2026-04-13,SPY,686.1,0.98,697.84,493.05,94.3,63.33,674.13,665.15,above_both_golden,13,28,13,18,NEUTRAL,SELL,NEUTRAL,HOLD,HOLD,0.582,1.262,0.910,1.215,52-Week Position,94.3%,full,19.23,4.31,2.94
2026-04-14,MOS,24.54,-0.89,38.23,22.46,13.2,41.19,27.37,29.57,below_both_death,3,-26,-20,-16,NEUTRAL,BUY,NEUTRAL,HOLD,POSITIONAL_BUY,-0.368,-1.483,-0.900,-1.196,Price-to-Book Ratio,0.6327,full,19.23,4.31,2.94
2026-04-14,ASML,1500.2,1.48,,,,63.08,1393.5,1070.97,above_both_golden,13,5,29,17,NEUTRAL,NEUTRAL,SELL,HOLD,HOLD,0.441,0.107,1.708,1.054,P/E Ratio,50.484x,partial,19.23,4.31,2.94
2026-04-14,SMH,443.34,1.48,441.54,180.27,100.7,69.59,400.8,348.86,above_both_golden,25,45,10,27,SELL,SELL,NEUTRAL,TRIM,TRIM,1.411,2.159,0.697,1.735,52-Week Position,100.7% - trading above previous high in cyclical sector,full,19.23,4.31,2.94
2026-04-14,ENB,53.47,-1.56,,,,47.26,52.93,48.71,above_both_golden,-5,-2,-10,-6,NEUTRAL,NEUTRAL,NEUTRAL,HOLD,HOLD,-1.014,-0.252,-0.368,-0.514,Dividend Yield,5.16% with 29-year growth streak,partial,19.23,4.31,2.94
2026-04-14,ETHA,17.08,0.18,36.8,11.02,23.5,56.89,15.81,24.32,above_50_below_200,-7,-12,-12,-11,NEUTRAL,NEUTRAL,NEUTRAL,HOLD,TACTICAL_BUY,-1.176,-0.765,-0.474,-0.855,52-Week Position,23.5%,full,19.23,4.31,2.94
2026-04-14,GLNCY,15.2,0.8,,,,66.79,14.05,10.54,above_both_golden,15,5,30,18,NEUTRAL,NEUTRAL,SELL,HOLD,HOLD,0.603,0.107,1.762,1.122,China Manufacturing PMI,Sub-50 contraction levels affecting industrial metals demand,partial,19.23,4.31,2.94
2026-04-14,IBIT,41.59,0.07,71.82,35.3,17.2,57.64,39.58,54.71,above_50_below_200,-7,-21,-15,-15,NEUTRAL,NEUTRAL,NEUTRAL,HOLD,HOLD,-1.176,-1.226,-0.634,-1.128,52-Week Position,17.2%,full,19.23,4.31,2.94
2026-04-14,KOF,104.88,0.14,,,,61.12,104.26,92.91,above_both_golden,8,3,-10,-3,NEUTRAL,NEUTRAL,NEUTRAL,HOLD,HOLD,0.037,0.005,-0.368,-0.310,Dividend Yield vs 10Y Treasury Spread,-0.55%,partial,19.23,4.31,2.94
2026-04-14,PBR.A,19.87,1.64,,,,70.95,17.9,13.82,above_both_golden,30,5,-26,-4,SELL,NEUTRAL,BUY,HOLD,STRATEGIC_BUY,1.815,0.107,-1.220,-0.378,P/E Ratio,6.0138,partial,19.23,4.31,2.94
2026-04-14,AMKBY,12.37,-2.37,,,,45.92,12.64,11.02,above_200_below_50,-5,0,-20,-8,NEUTRAL,NEUTRAL,NEUTRAL,HOLD,HOLD,-1.014,-0.149,-0.900,-0.651,Price-to-Book Ratio,0.6061,partial,19.23,4.31,2.94
2026-04-14,SPY,686.1,0.98,697.84,493.05,94.3,63.33,674.13,665.15,above_both_golden,13,30,10,18,NEUTRAL,SELL,NEUTRAL,HOLD,HOLD,0.441,1.390,0.697,1.122,52-Week Range Position,94.3%,full,19.23,4.31,2.94
2026-04-14,MOS,24.54,-0.89,38.23,22.46,13.2,41.19,27.37,29.57,below_both_death,-7,-28,-16,-18,NEUTRAL,BUY,NEUTRAL,HOLD,TACTICAL_BUY,-0.995,-1.961,-0.640,-1.521,Price-to-Book Ratio,0.63x - trading below tangible book value indicates severe market pessimism potentially overdone,full,19.23,4.31,2.94
2026-04-14,ASML,1500.2,1.48,,,,63.08,1393.5,1070.97,above_both_golden,8,5,27,16,NEUTRAL,NEUTRAL,SELL,HOLD,HOLD,0.145,0.170,1.883,1.281,P/E Ratio,50.484x,partial,19.23,4.31,2.94
2026-04-14,SMH,443.34,1.48,441.54,180.27,100.7,69.59,400.8,348.86,above_both_golden,28,15,-20,7,SELL,NEUTRAL,NEUTRAL,HOLD,HOLD,1.666,0.816,-0.875,0.540,52-Week Range Position,100.7%,full,19.23,4.31,2.94
2026-04-14,ENB,53.47,-1.56,,,,47.26,52.93,48.71,above_both_golden,-5,13,-10,-1,NEUTRAL,NEUTRAL,NEUTRAL,HOLD,HOLD,-0.843,0.687,-0.288,-0.120,Dividend Yield vs TIPS Spread,316 basis points (5.16% - 1.95%),partial,19.23,4.31,2.94
2026-04-14,ETHA,17.08,0.18,36.8,11.02,23.5,56.89,15.81,24.32,above_50_below_200,-7,-7,-10,-8,NEUTRAL,NEUTRAL,NEUTRAL,HOLD,HOLD,-0.995,-0.605,-0.288,-0.697,52-Week Range Position,23.5%,full,19.23,4.31,2.94
2026-04-14,GLNCY,15.2,0.8,,,,66.79,14.05,10.54,above_both_golden,15,5,-25,-6,NEUTRAL,NEUTRAL,BUY,HOLD,STRATEGIC_BUY,0.677,0.170,-1.168,-0.532,P/E Ratio,244.738x - indicating classic cyclical trough buying opportunity,partial,19.23,4.31,2.94
2026-04-14,IBIT,41.59,0.07,71.82,35.3,17.2,57.64,39.58,54.71,above_50_below_200,-7,-21,-15,-15,NEUTRAL,NEUTRAL,NEUTRAL,HOLD,POSITIONAL_BUY,-0.995,-1.509,-0.581,-1.274,52-week position,17.2%,full,19.23,4.31,2.94
2026-04-14,KOF,104.88,0.14,,,,61.12,104.26,92.91,above_both_golden,8,3,-10,-3,NEUTRAL,NEUTRAL,NEUTRAL,HOLD,HOLD,0.145,0.041,-0.288,-0.285,Dividend Yield vs 10Y Treasury Spread,-0.55% (3.76% yield vs 4.31% 10Y),partial,19.23,4.31,2.94
2026-04-14,PBR.A,19.87,1.64,,,,70.95,17.9,13.82,above_both_golden,28,3,26,18,SELL,NEUTRAL,SELL,HOLD,TRIM,1.666,0.041,1.824,1.446,P/E Ratio,6.01x,partial,19.23,4.31,2.94
2026-04-14,AMKBY,12.37,-2.37,,,,45.92,12.64,11.02,above_200_below_50,-7,8,-13,-3,NEUTRAL,NEUTRAL,NEUTRAL,HOLD,HOLD,-0.995,0.364,-0.464,-0.285,Price-to-Book Ratio,0.6061x - trading at significant discount to tangible asset value,partial,19.23,4.31,2.94
2026-04-14,SPY,686.1,0.98,697.84,493.05,94.3,63.33,674.13,665.15,above_both_golden,13,30,10,18,NEUTRAL,SELL,NEUTRAL,HOLD,HOLD,0.525,1.784,0.885,1.446,52-Week Range Position,94.3%,full,19.23,4.31,2.94
2026-04-14,MOS,24.55,0.04,38.23,23.06,9.8,41.19,27.32,29.52,below_both_death,-7,-35,-18,-21,NEUTRAL,BUY,NEUTRAL,HOLD,TACTICAL_BUY,-1.129,-1.872,-0.798,-1.529,Price-to-Book Ratio,0.63x - trading at substantial discount to tangible asset value including valuable potash and phosphate reserves,full,19.12,4.31,2.94
2026-04-14,ASML,1512.19,0.8,,,,64.01,1395.29,1074.54,above_both_golden,0,8,29,16,NEUTRAL,NEUTRAL,SELL,HOLD,HOLD,-0.508,0.211,2.582,1.188,P/E Ratio,50.484x - reflects both monopoly premium and cyclical peak expectations amid geopolitical uncertainty,partial,19.12,4.31,2.94
2026-04-14,SMH,446.01,0.6,441.54,180.27,101.7,70.38,401.66,349.71,above_both_golden,30,45,8,28,SELL,SELL,NEUTRAL,TRIM,TRIM,2.153,2.004,1.072,2.070,52-Week Range Position,101.7%,full,19.12,4.31,2.94
2026-04-14,ENB,53.15,-0.6,,,,44.3,53.02,48.75,above_both_golden,3,5,-10,-3,NEUTRAL,NEUTRAL,NEUTRAL,HOLD,HOLD,-0.242,0.066,-0.222,-0.207,Dividend Yield,5.261%,partial,19.12,4.31,2.94
2026-04-14,ETHA,18.11,6.03,36.8,11.02,27.5,63.34,15.77,24.32,above_50_below_200,3,-10,-12,-8,NEUTRAL,NEUTRAL,NEUTRAL,HOLD,HOLD,-0.242,-0.661,-0.366,-0.574,52-week position,27.5% - significant upside potential from current depressed levels,full,19.12,4.31,2.94
2026-04-14,GLNCY,15.28,0.53,,,,66.79,14.05,10.54,above_both_golden,5,3,-27,-10,NEUTRAL,NEUTRAL,BUY,HOLD,STRATEGIC_BUY,-0.065,-0.031,-1.445,-0.721,P/E Ratio,245x - signaling deep cyclical trough with significant recovery potential,partial,19.12,4.31,2.94
2026-04-14,IBIT,42.68,2.62,71.82,35.3,20.2,61.77,39.49,54.62,above_50_below_200,-2,-12,-12,-9,NEUTRAL,NEUTRAL,NEUTRAL,HOLD,POSITIONAL_BUY,-0.685,-0.758,-0.366,-0.648,52-Week Position,20.2%,full,19.12,4.31,2.94
2026-04-14,KOF,104.98,0.1,,,,61.57,104.27,92.97,above_both_golden,8,3,-10,-3,NEUTRAL,NEUTRAL,NEUTRAL,HOLD,HOLD,0.202,-0.031,-0.222,-0.207,Dividend Yield,3.76%,partial,19.12,4.31,2.94
2026-04-14,PBR.A,19.52,-1.76,,,,65.22,18.02,13.87,above_both_golden,5,0,-6,-2,NEUTRAL,NEUTRAL,NEUTRAL,HOLD,HOLD,-0.065,-0.176,0.065,-0.134,P/B Ratio,0.9767,partial,19.12,4.31,2.94
2026-04-14,AMKBY,12.51,1.13,,,,47.16,12.64,11.02,above_200_below_50,-7,-2,-11,-6,NEUTRAL,NEUTRAL,NEUTRAL,HOLD,HOLD,-1.129,-0.273,-0.294,-0.427,P/B Ratio,0.6061,partial,19.12,4.31,2.94
2026-04-14,SPY,689.67,0.52,697.84,493.05,96,65.03,674.08,665.52,above_both_golden,25,35,-7,16,SELL,SELL,NEUTRAL,HOLD,HOLD,1.709,1.520,-0.007,1.188,52-Week Position,96%,full,19.12,4.31,2.94
2026-04-15,MOS,23.94,-2.44,38.23,23.06,5.8,38.75,27.3,29.52,below_both_death,-7,-35,-13,-19,NEUTRAL,BUY,NEUTRAL,HOLD,POSITIONAL_BUY,-0.751,-1.664,-0.390,-1.188,P/B Ratio,0.6327x - trading at significant discount to book value,full,19.12,,2.95
2026-04-15,ASML,1518.3,1.21,,,,64.47,1395.41,1074.57,above_both_golden,0,18,29,19,NEUTRAL,NEUTRAL,SELL,HOLD,HOLD,-0.225,0.719,2.468,1.385,EUV System Bookings,Strong backlog of €38B with 2024 guidance raised,partial,19.12,,2.95
2026-04-15,SMH,452,1.95,452.095,184.4,100,71.94,401.77,349.74,above_both_golden,30,40,-10,20,SELL,SELL,NEUTRAL,HOLD,HOLD,2.029,1.709,-0.186,1.453,52-Week Range Position,100% - at absolute highs,full,19.12,,2.95
2026-04-15,ENB,52.99,-0.9,,,,43.08,53.01,48.75,above_200_below_50,-5,-5,-15,-10,NEUTRAL,NEUTRAL,NEUTRAL,HOLD,HOLD,-0.601,-0.315,-0.526,-0.579,Dividend_Yield,5.315068493150685%,partial,19.12,,2.95
2026-04-15,ETHA,17.49,2.4,36.8,11.64,23.3,59.77,15.76,24.31,above_50_below_200,-7,-12,-12,-11,NEUTRAL,NEUTRAL,NEUTRAL,HOLD,HOLD,-0.751,-0.630,-0.322,-0.646,Distance from 52-week high,52% below peak at $36.8,full,19.12,,2.95
2026-04-15,GLNCY,15.3,0.13,,,,66.79,14.09,10.57,above_both_golden,15,5,-25,-6,NEUTRAL,NEUTRAL,BUY,HOLD,STRATEGIC_BUY,0.902,0.135,-1.206,-0.308,P/E Ratio,246.26x - indicating cyclical earnings trough,partial,19.12,,2.95
2026-04-15,IBIT,42.13,1.3,71.82,35.3,18.7,59.72,39.47,54.62,above_50_below_200,-10,-23,-20,-18,NEUTRAL,NEUTRAL,NEUTRAL,HOLD,TACTICAL_BUY,-0.977,-1.124,-0.866,-1.120,52-week range position,18.7%,full,19.12,,2.95
2026-04-15,KOF,102.84,-1.95,,,,54.71,104.23,92.96,above_200_below_50,3,-2,-10,-6,NEUTRAL,NEUTRAL,NEUTRAL,HOLD,HOLD,0.000,-0.180,-0.186,-0.308,P/E Ratio vs Growth Rate,15.67x earnings with 8-12% revenue growth potential,partial,19.12,,2.95
2026-04-15,PBR.A,19.2,-3.37,,,,60.53,18.01,13.87,above_both_golden,-4,-2,-4,-3,NEUTRAL,NEUTRAL,NEUTRAL,HOLD,HOLD,-0.526,-0.180,0.223,-0.105,P/E Ratio,5.8x - indicating peak cycle earnings with rollover risk,partial,19.12,,2.95
2026-04-15,AMKBY,12.245,-2.12,,,,43.32,12.64,11.04,above_200_below_50,-7,-2,-13,-7,NEUTRAL,NEUTRAL,NEUTRAL,HOLD,HOLD,-0.751,-0.180,-0.390,-0.376,Price-to-Book Ratio,0.6116x - trading at 39% discount to book value despite modernized fleet assets,partial,19.12,,2.95
2026-04-15,SPY,694.46,1.22,697.84,508.46,98.2,67.5,674.18,665.94,above_both_golden,25,40,13,25,SELL,SELL,NEUTRAL,TRIM,TRIM,1.653,1.709,1.379,1.791,52-Week Position,98.2%,full,19.12,,2.95
